"PC1","PC2","time"
-0.218805648954331,-0.0323778097384918,1
-0.222795534286416,-0.0483263787361861,2
-0.225184245689671,-0.0474999521265582,3
-0.22552580973868,-0.0481958381992737,4
-0.226843983282479,-0.053403183025995,5
-0.228391474289709,-0.0612848238302109,6
-0.226878904179832,-0.0611718441347919,7
-0.222892659540157,-0.0454633595457345,8
-0.226446097598444,-0.055910145510088,9
-0.235255074648556,-0.0905542080737504,10
-0.231038512919523,-0.0717486515887423,11
-0.225801631617184,-0.0588901133159963,12
-0.227296126619845,-0.0655446036747644,13
-0.22516459448314,-0.0587565314656729,14
-0.227760398661511,-0.0652320011752004,15
-0.227347200363589,-0.0540573717483908,16
-0.225476893178952,-0.0501715968147672,17
-0.226063372521439,-0.0545227842142918,18
-0.224693255444689,-0.0551153853596005,19
-0.224755810641437,-0.05938228585963,20
-0.222006574439835,-0.0521204955033332,21
-0.209130356120064,-0.00552621068236545,22
-0.220861799087306,-0.0446514455981335,23
-0.221448594518442,-0.0513420531398402,24
-0.222326368777984,-0.0525733064059009,25
-0.224042438917594,-0.0555558203951139,26
-0.220662924264124,-0.0442598782527846,27
-0.22110586000958,-0.0415923612207506,28
-0.220283965472609,-0.0400911535314565,29
-0.22274784705274,-0.0495027588795841,30
-0.220569166679416,-0.0459208643922355,31
-0.224152017826947,-0.0549875421992121,32
-0.22717551013475,-0.0666998751713676,33
-0.226040365918298,-0.0624912177731867,34
-0.228060746283296,-0.070287097249271,35
-0.222307581488636,-0.0454623259501099,36
-0.223984731095333,-0.0534942001154875,37
-0.227189344352492,-0.0645655160660902,38
-0.226419107249673,-0.0650634219170941,39
-0.225711088696831,-0.0648835504688383,40
-0.221686577018185,-0.0470291922194057,41
-0.22417678834257,-0.0549090051141954,42
-0.224777345389883,-0.0504707382612161,43
-0.215827632947616,-0.0267719163716532,44
-0.219586656320625,-0.040846298844082,45
-0.215136205098792,-0.0258704068292938,46
-0.220418276096478,-0.0415689049014888,47
-0.222809239494196,-0.0469812960764124,48
-0.217200270636989,-0.0304408821602788,49
-0.222450623750639,-0.0435815877941371,50
-0.220251625840296,-0.0376339576679001,51
-0.222992608264141,-0.0460098143657324,52
-0.221042861916322,-0.0437768929151505,53
-0.228093407978672,-0.0694728106028682,54
-0.219192454705847,-0.0344328463231847,55
-0.226516487775523,-0.0643613984389167,56
-0.226416377696692,-0.0637098016486961,57
-0.227085031111192,-0.0572735404333598,58
-0.225944375540011,-0.0564536726709027,59
-0.224455256729375,-0.0501318890227856,60
-0.231161794810976,-0.0765423164286877,61
-0.228638375279909,-0.0614420813772297,62
-0.227814153899189,-0.0607181820218336,63
-0.23377455240851,-0.0794426340004394,64
-0.234106777276085,-0.0740586118258916,65
-0.233953849773449,-0.0714556958575023,66
-0.22961340470478,-0.0577566540090485,67
-0.229961422994647,-0.062105269509465,68
-0.227430365033829,-0.0535738749670783,69
-0.231034274313457,-0.0690006127368845,70
-0.229325588417991,-0.0640556200212187,71
-0.230050263962899,-0.067574005443532,72
-0.226148387359365,-0.0528887517976821,73
-0.235207240847036,-0.0685969330345092,74
-0.236564607541789,-0.0730535991476916,75
-0.232291437979368,-0.0550910192221928,76
-0.233818369332816,-0.0599747429284425,77
-0.232739053314929,-0.0583430533490011,78
-0.229361546598127,-0.0466651423810562,79
-0.234292319561937,-0.0651152551697225,80
-0.235302129383173,-0.070676860798559,81
-0.235208410011783,-0.0693186393895833,82
-0.233376401934525,-0.0611074003923336,83
-0.235130488292907,-0.0709399773041286,84
-0.238275974122463,-0.0816975426169793,85
-0.2331446870253,-0.0650701593862107,86
-0.232965694058949,-0.0586386954065341,87
-0.234781668744193,-0.0643172112417282,88
-0.233838299940669,-0.0689362663029378,89
-0.23238777268709,-0.0602007498358968,90
-0.23323517903942,-0.0614664778816385,91
-0.234492514564608,-0.068507321039632,92
-0.233947440289035,-0.0659833521244306,93
-0.231298317633459,-0.0561056762404176,94
-0.233906771037595,-0.0656367301801389,95
-0.235723662460226,-0.0765695260649551,96
-0.232556082727566,-0.0618345705715509,97
-0.23001080540519,-0.0520154435684251,98
-0.229380584372232,-0.0464426889156193,99
-0.215194473616675,-0.0019964988099424,100
-0.222956383736302,-0.0223047478460348,101
-0.230273698149168,-0.047799035874595,102
-0.232054260874359,-0.0567705946409389,103
-0.231858713861309,-0.0544538072488251,104
-0.232226049386714,-0.057374760657024,105
-0.234336790126728,-0.0617546302126384,106
-0.232627454816561,-0.0556970269424374,107
-0.231814703142539,-0.0569543235109058,108
-0.230645392785475,-0.05231696863451,109
-0.23326587203864,-0.0643547935226621,110
-0.234907646233134,-0.0683603876744137,111
-0.231190103465765,-0.0581006103014303,112
-0.231238110187611,-0.0556616096011854,113
-0.229008587278399,-0.0462260235346106,114
-0.231788731782415,-0.0550028965405982,115
-0.233234770851918,-0.0602423917595887,116
-0.230607428545331,-0.0461117067959879,117
-0.234313278000193,-0.0638894317643773,118
-0.23394631217235,-0.0612449542297781,119
-0.235885841199739,-0.0766248474881272,120
-0.232595114907604,-0.060279765617615,121
-0.235646670474841,-0.0742965207668068,122
-0.235024961453073,-0.0710462025405962,123
-0.237029667003779,-0.073922992093081,124
-0.233830557107705,-0.0625245793830353,125
-0.236488347079666,-0.0763262890057149,126
-0.23453407521343,-0.0652952089180655,127
-0.232594872067674,-0.0566753918909959,128
-0.23217172571173,-0.0531392916636219,129
-0.231761907232307,-0.0526987380539178,130
-0.234006837126351,-0.0622949517551322,131
-0.232296630992531,-0.0521358560276961,132
-0.233702721725266,-0.0533074980340304,133
-0.234861159019005,-0.0599466468159967,134
-0.234496560594149,-0.0603854899276237,135
-0.234045702877037,-0.0599695829910748,136
-0.232426191959254,-0.0522924865779429,137
-0.232162629705945,-0.0552697271856786,138
-0.236183532517859,-0.067457790437978,139
-0.233713163471796,-0.056343969127828,140
-0.235427157343382,-0.0577370282760768,141
-0.23587438490535,-0.0629873830150563,142
-0.23796790964603,-0.0735189925436761,143
-0.235653980861901,-0.0652088415886791,144
-0.234971833918438,-0.064322318397123,145
-0.233676503150623,-0.0567073027514036,146
-0.235010151815521,-0.0638307514095205,147
-0.233813309013898,-0.0590462100945785,148
-0.231843580520873,-0.0526417290163569,149
-0.235781964758081,-0.0727938204060665,150
-0.236516701087183,-0.0707459098388589,151
-0.22676558541106,-0.0365941725495767,152
-0.232750963667217,-0.0517625910270199,153
-0.235657082695019,-0.0658069390017151,154
-0.235261386081132,-0.0658247103829551,155
-0.232069713027052,-0.055103221590242,156
-0.227102729226379,-0.0381707886884431,157
-0.230681610494636,-0.0517670142408619,158
-0.232093835128062,-0.057068230865393,159
-0.224858856945167,-0.0328952804895557,160
-0.23140732414665,-0.0540779123942778,161
-0.23478779793531,-0.0657313173253871,162
-0.235900898586675,-0.0668462381109727,163
-0.237327905850057,-0.0745879102496856,164
-0.236732005857841,-0.0736197099981873,165
-0.238507214695446,-0.0747587793109274,166
-0.240324702651497,-0.0866155360165284,167
-0.238066856545027,-0.079120971981105,168
-0.237030339626781,-0.069355143221197,169
-0.236269686346692,-0.0678314853240434,170
-0.23182717486184,-0.0533272677904648,171
-0.234925247134118,-0.0664948799171358,172
-0.238246305365099,-0.0676082947339429,173
-0.237082136214955,-0.0681666812677545,174
-0.236454600076181,-0.0609976630736916,175
-0.236638883105537,-0.0719162182834675,176
-0.235356278481063,-0.0666513236059061,177
-0.237983374058271,-0.0864564711276324,178
-0.234149102451865,-0.0674967910788089,179
-0.225833052121678,-0.0365210721065289,180
-0.234288289238191,-0.0587006816882847,181
-0.232653704033938,-0.052740614585543,182
-0.235871360485537,-0.0686042065089159,183
-0.235089341817756,-0.0675870141997947,184
-0.239119827833237,-0.0794791271237659,185
-0.235672341998071,-0.0631740270728771,186
-0.236620409808554,-0.0674566481578281,187
-0.232386102639697,-0.0508349547160548,188
-0.236221867392416,-0.0654484308740215,189
-0.233015298878944,-0.0532545179192817,190
-0.234466662319343,-0.0548949408857741,191
-0.235786753621545,-0.0609195679247895,192
-0.235913764973212,-0.062952539971609,193
-0.236531743549352,-0.0657533887353156,194
-0.239723538680292,-0.0783473170519844,195
-0.23863765094967,-0.0736909221864349,196
-0.238348885927088,-0.075751375036259,197
-0.237487443369286,-0.0733286584272763,198
-0.23937851832047,-0.0841415643771768,199
-0.238599758073208,-0.0788084266504483,200
-0.237621271628566,-0.0726331998913044,201
-0.240587975896404,-0.07795362347962,202
-0.237508417320103,-0.0715065225064749,203
-0.238981703937669,-0.0790910619622084,204
-0.238875770173148,-0.074934965967399,205
-0.23615644428812,-0.0632806324113042,206
-0.236861463434665,-0.0611795645740221,207
-0.239063807445794,-0.0705550643474903,208
-0.237922289887593,-0.0659257791379904,209
-0.237400226079516,-0.060359932264497,210
-0.238163870576746,-0.0663477979927851,211
-0.23583561245895,-0.0565782144403175,212
-0.233701975824854,-0.0565375243679247,213
-0.231834606684516,-0.0497998797877912,214
-0.236650408514168,-0.0684784072619214,215
-0.240052195388112,-0.0830913531687485,216
-0.238083000835386,-0.0742160406397182,217
-0.227612156896751,-0.0353812036634766,218
-0.234790802143341,-0.0525113404510578,219
-0.236752537734979,-0.0583890533508411,220
-0.238072805550855,-0.063828429570345,221
-0.238956943329248,-0.0733992533505885,222
-0.239324060887326,-0.0667777391959005,223
-0.239103186002511,-0.064207648424385,224
-0.238999382627647,-0.0566385184943765,225
-0.238665820684725,-0.0607240322225394,226
-0.238530985739057,-0.0623809961435218,227
-0.240241829131584,-0.0717113356279023,228
-0.239017685147136,-0.0699015730248531,229
-0.240562892296469,-0.067924055766569,230
-0.239074433521748,-0.061470100110807,231
-0.240011389948421,-0.0650884150606951,232
-0.236667698670124,-0.0535116969373047,233
-0.239989542795281,-0.0665467840495506,234
-0.241026095986223,-0.0681327380354694,235
-0.238761287370829,-0.0573866388067536,236
-0.242839710474645,-0.0771643972837872,237
-0.24590908963289,-0.0945111919674063,238
-0.242827591722577,-0.076093746785408,239
-0.245311180277218,-0.0935126006643537,240
-0.242324208216398,-0.0776226316217809,241
-0.243077647786848,-0.0802989678089432,242
-0.241124584173537,-0.0711270525373557,243
-0.2399289331158,-0.0667347833774615,244
-0.238467650542166,-0.0620175177163732,245
-0.234446136544378,-0.046938592475651,246
-0.234368587284723,-0.0447420042874326,247
-0.239520747695312,-0.0571576708989779,248
-0.235121343886685,-0.0458529573577521,249
-0.246625906958215,-0.10268214592461,250
-0.241527542602095,-0.0719852528998649,251
-0.242573826015035,-0.0801509578702437,252
-0.239341342815825,-0.0664772770716671,253
-0.236106728695525,-0.0532248527080796,254
-0.240323660665885,-0.070422822719312,255
-0.236803175842519,-0.0556435862208761,256
-0.240561332352337,-0.0715399939039532,257
-0.239320833824778,-0.0631359555174393,258
-0.239617984844672,-0.0616633110190176,259
-0.23734015227178,-0.0549983611575794,260
-0.237052531175427,-0.0540555345317848,261
-0.23811110802825,-0.0568329483602399,262
-0.239821196119806,-0.0624783251457874,263
-0.240765605426651,-0.0689316925977438,264
-0.24375348565991,-0.0873223922499895,265
-0.238844092037014,-0.0617293601382628,266
-0.239144117786115,-0.0627638067245601,267
-0.241472743398689,-0.0701000136932753,268
-0.238518153992673,-0.0596335141613246,269
-0.242537207398231,-0.0757283996774416,270
-0.241475836584359,-0.0684545687055072,271
-0.245324470839191,-0.0951938171827144,272
-0.243150732390432,-0.0796383969474191,273
-0.241384477103026,-0.0648154145047803,274
-0.239329329194866,-0.0607648504827573,275
-0.238938485457612,-0.0623095673990919,276
-0.239432878792141,-0.0644028747851557,277
-0.230278602250505,-0.0322300606289298,278
-0.235305093511244,-0.0496200857989987,279
-0.24041753359704,-0.0715631103126853,280
-0.241045674437154,-0.0730607103967599,281
-0.240804972878106,-0.0724719222402362,282
-0.240895943427465,-0.0703705018229108,283
-0.241215253296211,-0.0707368335639829,284
-0.239701633618014,-0.0640911322149601,285
-0.232153079763829,-0.039392774055983,286
-0.235178287560618,-0.0488491804404098,287
-0.229049769485378,-0.0309144956025462,288
-0.230157356786673,-0.0300082079267329,289
-0.236385972328826,-0.0513296055069045,290
-0.237194432105553,-0.0545038033915606,291
-0.238369325327553,-0.0614519487531799,292
-0.235170246689749,-0.0490592186077483,293
-0.23621556557796,-0.049197962738335,294
-0.239818971838795,-0.0626441400947316,295
-0.23275839168977,-0.0357289587284737,296
-0.236918903150675,-0.0526697821079811,297
-0.237101651152152,-0.0546202514185793,298
-0.237747724855155,-0.0579050013611328,299
-0.239965106356188,-0.0623410239601752,300
-0.236514049828163,-0.0495788825866286,301
-0.23516047702778,-0.0466535886117609,302
-0.242333968206954,-0.0768709346562946,303
-0.243337847356407,-0.0760461738358875,304
-0.242382312173697,-0.0773105868550478,305
-0.242206807425783,-0.0784909199359427,306
-0.237604119918808,-0.0569307368733046,307
-0.235965565146475,-0.051629162675521,308
-0.238755131166777,-0.06213016710398,309
-0.239727547331356,-0.0605259055604096,310
-0.241711716723986,-0.0751706894665135,311
-0.23882096713324,-0.0604035797005225,312
-0.242681344218643,-0.0774727053609255,313
-0.241569297244026,-0.0738347154016778,314
-0.239979649443534,-0.0682663628951377,315
-0.239454542940604,-0.0676453360240953,316
-0.237890687306425,-0.0605440270279382,317
-0.238916919500862,-0.0709315558117566,318
-0.237566087052188,-0.0675359090939859,319
-0.235036816497448,-0.059075952262666,320
-0.227493678112503,-0.0306149956177936,321
-0.231992305950097,-0.0461501618978665,322
-0.236332417774677,-0.0641322218138673,323
-0.236796862309679,-0.0656507496042372,324
-0.235669458825426,-0.0555539601348081,325
-0.232866359917892,-0.0486427067969026,326
-0.230642310502172,-0.0412966658684712,327
-0.234268906686358,-0.0495762272980554,328
-0.226000963095899,-0.0252923401662307,329
-0.236603921935707,-0.0679047261524722,330
-0.23534747595673,-0.0572598675391586,331
-0.235119654822213,-0.0551993443781163,332
-0.235999758594849,-0.0593368015575346,333
-0.237092653129242,-0.0651471758271906,334
-0.236973448614239,-0.0649586543468386,335
-0.233446726611705,-0.0492062312169517,336
-0.225946383726716,-0.0235825721513297,337
-0.225371956639936,-0.019841845897469,338
-0.223865126641136,-0.0142908339398796,339
-0.230974228241192,-0.0390111249998219,340
-0.234656003278419,-0.0550631846595909,341
-0.230955597387025,-0.0432236464238271,342
-0.235286492246251,-0.0564085315636628,343
-0.234015976867555,-0.0533889248951258,344
-0.236004910737446,-0.0553228548762573,345
-0.236509677783815,-0.0550590676327136,346
-0.236700848151889,-0.059473594027814,347
-0.234794719856035,-0.0540890680267588,348
-0.230350030932663,-0.0405601642898621,349
-0.233367468654734,-0.0502592648020602,350
-0.234401677782842,-0.0484468814096499,351
-0.231662849355302,-0.0424633437310246,352
-0.230937618700919,-0.0409646816159342,353
-0.234924355662329,-0.0555884319489079,354
-0.242988168599192,-0.0933651275640135,355
-0.237575501375746,-0.0653553833583209,356
-0.2412399507109,-0.0836440679127082,357
-0.238257388216057,-0.067646892794798,358
-0.238038748499028,-0.0635997853661836,359
-0.238177558837927,-0.064965961330545,360
-0.234819719927158,-0.0520675129272266,361
-0.235160904270856,-0.0575284018485505,362
-0.23597738827657,-0.0623318706596313,363
-0.237113258669095,-0.0665302845903736,364
-0.24079620006699,-0.0720776655297156,365
-0.23833692960413,-0.0657736469365012,366
-0.236284732172357,-0.0589373926072708,367
-0.237378674263861,-0.0615555896652191,368
-0.236871474727726,-0.0629022581194534,369
-0.236876972474132,-0.0634485622673449,370
-0.235916669083686,-0.0590565161969959,371
-0.234622211969233,-0.0565892164284311,372
-0.234335940374927,-0.0540408639452057,373
-0.232500403629979,-0.0487095413268179,374
-0.230968615456765,-0.0402492919444126,375
-0.232259304230368,-0.0444068933767303,376
-0.234220792323349,-0.0518988563046248,377
-0.234473559342464,-0.0576558803252003,378
-0.235471247723696,-0.0639368011498341,379
-0.240280426118117,-0.066476561227871,380
-0.2385729471739,-0.0588592291983157,381
-0.24485567871085,-0.0841136778863775,382
-0.2427411823222,-0.0678798515952587,383
-0.243565220381916,-0.078083817515512,384
-0.243950476478073,-0.0823476259936049,385
-0.242844571022454,-0.0700608896339911,386
-0.239800696414136,-0.0562571298088973,387
-0.238599122494325,-0.0539277606232457,388
-0.247619621669212,-0.0604682301383598,389
-0.248571974960048,-0.0630958750583214,390
-0.251430343143459,-0.078518658499266,391
-0.251288614782485,-0.0777668465059515,392
-0.249471915744533,-0.0690263142732565,393
-0.24876410311106,-0.0677878124333715,394
-0.249712708694479,-0.0699532651068737,395
-0.252085790504308,-0.0802691741793561,396
-0.25143528877936,-0.0761660310487573,397
-0.252488958682041,-0.0819002153513566,398
-0.253266874986968,-0.0817414095316972,399
-0.252025176726312,-0.0727434612763008,400
-0.254133808198147,-0.0832152103173911,401
-0.252751855713763,-0.0808142014462757,402
-0.251448521725164,-0.0736256039643029,403
-0.251822342836464,-0.0789613099440434,404
-0.249100906836656,-0.0657914313048525,405
-0.247033947435823,-0.0562260957761083,406
-0.250679827368011,-0.0689848567839814,407
-0.250445374498493,-0.0690111872350734,408
-0.253428885079577,-0.0864263713385866,409
-0.249949454846178,-0.0738550953567321,410
-0.25098910779893,-0.073269538837436,411
-0.252134080054896,-0.077253257860776,412
-0.250322561051292,-0.0694322368144218,413
-0.247494720150233,-0.05880713732779,414
-0.248971102930757,-0.0694245552468621,415
-0.251438167740019,-0.0727616982633023,416
-0.254643311169713,-0.0909738090759802,417
-0.252079685093128,-0.080844532283732,418
-0.250367548394121,-0.0695504378015215,419
-0.248228322726353,-0.0611850746980408,420
-0.249613470585768,-0.0685827065614211,421
-0.249039728813576,-0.0669745874845712,422
-0.251003836247553,-0.0773137298017725,423
-0.249283830777781,-0.0703496667445734,424
-0.250910628392686,-0.0794920954011925,425
-0.253130197430984,-0.0814596055663909,426
-0.248757401563942,-0.065332226551769,427
-0.249202766493121,-0.0598565883950894,428
-0.245023923764121,-0.0494695071520052,429
-0.239354526229052,-0.0301500394732729,430
-0.244851953366576,-0.0467933102147926,431
-0.24919750738845,-0.0596210592677373,432
-0.251018745390198,-0.0753846479401221,433
-0.251329683933971,-0.075423863072998,434
-0.25115782979146,-0.0723030881117086,435
-0.252037708816345,-0.07985343273653,436
-0.251657982918537,-0.0757970717822329,437
-0.252416596655464,-0.0835120084494451,438
-0.254015831664035,-0.0948572882876549,439
-0.255117990129177,-0.0954090735151849,440
-0.251565351710076,-0.0741835121289827,441
-0.24949554223399,-0.0674737618976091,442
-0.250656290564722,-0.0720577428689288,443
-0.250158989722275,-0.0739961628403053,444
-0.252763811572935,-0.0852735703939938,445
-0.251140987177177,-0.071448760026843,446
-0.249670184616528,-0.07063063928495,447
-0.252547211289708,-0.0897546181228505,448
-0.253795813216783,-0.0960163998878579,449
-0.252527466835088,-0.0881455355032809,450
-0.253533609531577,-0.095333513109776,451
-0.252122466897837,-0.0842675652429136,452
-0.251734589977033,-0.079374077660053,453
-0.253904729747856,-0.0883262594398282,454
-0.25253300661243,-0.0820050977979414,455
-0.253428343925731,-0.0879828649766783,456
-0.251659866692055,-0.0794344615539177,457
-0.252282971609796,-0.080951307802552,458
-0.250481736994726,-0.0719547924254936,459
-0.252304019749203,-0.0807101529839328,460
-0.251502269219621,-0.0772123127657686,461
-0.254703058133269,-0.096179791362957,462
-0.252126081074529,-0.0846586839105964,463
-0.252786796929363,-0.0830431067844993,464
-0.251909513087928,-0.077570164141859,465
-0.251566779575867,-0.0733524087800485,466
-0.251571022322727,-0.0725915887302826,467
-0.253078716961385,-0.0850356419441007,468
-0.248767872227163,-0.0682145020383622,469
-0.247421544603847,-0.0629039978488129,470
-0.253297825685876,-0.0877111670837429,471
-0.251899607460665,-0.0831700149997347,472
-0.250851143529598,-0.0778723578194978,473
-0.249605983719494,-0.0712698059753438,474
-0.250058579690536,-0.0755727141178383,475
-0.251562483512002,-0.0804832555754992,476
-0.254524275262433,-0.0998531758570432,477
-0.251806367021169,-0.0839466356402786,478
-0.255073752412883,-0.100836438637298,479
-0.253032527713381,-0.0839244918976599,480
-0.250537673200721,-0.073745365923112,481
-0.250119695548585,-0.0728720378377086,482
-0.250423798606859,-0.0775427406043802,483
-0.249779650304297,-0.0746108490693613,484
-0.247757618619938,-0.067754828977464,485
-0.249740385546648,-0.0796525521765332,486
-0.248813263372555,-0.077901168278131,487
-0.24768080733125,-0.0711737345863822,488
-0.248199384042342,-0.067492103252692,489
-0.249090097445857,-0.0746556140767542,490
-0.247262442136094,-0.065615217464279,491
-0.246663843781743,-0.0679232285218335,492
-0.248050512264805,-0.0759029833089366,493
-0.24825053305608,-0.0735040594911243,494
-0.23328091565569,-0.0240568068654488,495
-0.244635175477227,-0.0648261868242267,496
-0.246555820389369,-0.0770904984086686,497
-0.245173358553353,-0.0718947558139937,498
-0.246541763381803,-0.0776877410566463,499
-0.247711899314957,-0.0850319152246976,500
-0.246317594612256,-0.0785641298444628,501
-0.247711873481315,-0.0887604291697927,502
-0.242974452077796,-0.0662550274592893,503
-0.248038355773493,-0.090797395554777,504
-0.247435977478735,-0.0837006364475867,505
-0.247284511775791,-0.0798409936944444,506
-0.248078874295168,-0.0853358945751297,507
-0.246103781840093,-0.0790712861631892,508
-0.245344300938433,-0.0739571785917074,509
-0.246713370432208,-0.0808616234222039,510
-0.244268551436343,-0.068809428856158,511
-0.245991494503633,-0.0761723517371347,512
-0.24461540779411,-0.070038604591095,513
-0.245647907475426,-0.0762619544570494,514
-0.2439047251633,-0.0708408063510975,515
-0.24477660341325,-0.0760414973866051,516
-0.244213449890381,-0.0756678776983825,517
-0.244770422646239,-0.0758958797339533,518
-0.242071601134205,-0.0635374679878293,519
-0.24731337019924,-0.0873599727326688,520
-0.247576068861711,-0.0791922628601485,521
-0.242392544300902,-0.0622856901282657,522
-0.245403422364104,-0.0755516277043932,523
-0.247151324337904,-0.0877798264398724,524
-0.246889547804149,-0.0844949508649303,525
-0.246007586333267,-0.0784076081045833,526
-0.244961797377584,-0.0735366479760445,527
-0.242989862706763,-0.0655075866759097,528
-0.241952432413405,-0.0619145212918619,529
-0.243761891932809,-0.0700613691773598,530
-0.244003226969808,-0.0743999551483564,531
-0.243812860426653,-0.0852064422208462,532
-0.244266310007039,-0.0899124932506941,533
-0.239770143207106,-0.073474033513434,534
-0.236965081453229,-0.0617056974084636,535
-0.240840823965086,-0.0787854722714693,536
-0.240389292100446,-0.0785444035859456,537
-0.240627341070811,-0.0813019184507663,538
-0.241920203283606,-0.0831644970518498,539
-0.238910676293388,-0.0706102112439106,540
-0.237389590179294,-0.0657276963202961,541
-0.239123632428507,-0.0730549003476701,542
-0.238998587324889,-0.0729734566852806,543
-0.238898940023911,-0.0719181008842054,544
-0.238221634454331,-0.0693344624289901,545
-0.238212215897593,-0.065855870803922,546
-0.234709966954897,-0.0548489978257388,547
-0.239045721424485,-0.0712808295535117,548
-0.239047150833973,-0.0695010173943517,549
-0.238969590503799,-0.069813530776242,550
-0.240965977022255,-0.0796949402136034,551
-0.239466505713326,-0.0751714424975464,552
-0.238780145417867,-0.070985188591942,553
-0.241971449132498,-0.0836812936577263,554
-0.240054283714261,-0.0777312997392043,555
-0.242139696667932,-0.086958791452673,556
-0.242826473716716,-0.0872535809800269,557
-0.240160606403923,-0.0765819290472808,558
-0.239760499155771,-0.0768312187615376,559
-0.23878599924494,-0.0723910735842155,560
-0.240715844652796,-0.082242827536849,561
-0.24221317489828,-0.090788869701471,562
-0.241197783029298,-0.0816756362003332,563
-0.239640989687854,-0.0800156890570065,564
-0.2451400554671,-0.141516137153624,565
-0.243633669666282,-0.105134101075331,566
-0.238863548688274,-0.0741622880357577,567
-0.239341501144149,-0.0744552787275065,568
-0.242315452448286,-0.090477522496993,569
-0.241890596213182,-0.0845262911052196,570
-0.242627542001459,-0.0788105960531267,571
-0.243721816296817,-0.0857800539061544,572
-0.243849767984157,-0.0887994221613596,573
-0.243410058770491,-0.094003716053588,574
-0.242952322804066,-0.0883963333320534,575
-0.199037179800094,0.0387128093986438,576
-0.230966836603435,-0.0456208825427849,577
-0.228326856990328,-0.0361590423601556,578
-0.222218150345464,-0.015102050142821,579
-0.234380492491754,-0.0513031850966357,580
-0.239527708841418,-0.0713273105150442,581
-0.240697183430659,-0.0732081304715834,582
-0.24031244239875,-0.0788918499817177,583
-0.239533307581966,-0.0780108200101676,584
-0.238091641052744,-0.074039057354137,585
-0.242909907954875,-0.0974030686705424,586
-0.241196702905897,-0.0788857878874204,587
-0.237716935777513,-0.0655909001639476,588
-0.238231144436329,-0.0720740918791728,589
-0.24203689449958,-0.0881096010340515,590
-0.240444700657215,-0.0804767167855831,591
-0.241740963394771,-0.0853577741024635,592
-0.239715758156921,-0.0788881042393581,593
-0.241429424569662,-0.091178148239972,594
-0.245791816472745,-0.142869868903666,595
-0.244147364171911,-0.104995210861288,596
-0.242855931847189,-0.0933510403886888,597
-0.240582173190366,-0.0849571621777257,598
-0.233350452871991,-0.0567697535278434,599
-0.239473619514212,-0.0844371586579885,600
-0.239338838261979,-0.0782207908701156,601
-0.239348469080833,-0.0749414984379312,602
-0.240415729831938,-0.0778620491625766,603
-0.238943316642748,-0.0757943058220513,604
-0.238352358893937,-0.0750805732891761,605
-0.241167609785559,-0.08350425704402,606
-0.240308195684108,-0.0836014964217695,607
-0.241056859982478,-0.0816595117332808,608
-0.239487829114239,-0.0757984034732841,609
-0.2371520528038,-0.0685269182468441,610
-0.236403313960544,-0.0671673223563693,611
-0.238092401532348,-0.0762073261941768,612
-0.238095593456275,-0.0769285272072759,613
-0.238586110856175,-0.0805296968475664,614
-0.237220723457116,-0.0710779716954931,615
-0.237788645414547,-0.0739671739191042,616
-0.238976236184174,-0.0780345365674533,617
-0.231960735508521,-0.0510605652391594,618
-0.236151414781053,-0.0669900397736066,619
-0.241778917054694,-0.085765841171609,620
-0.240971291926477,-0.0899978904153217,621
-0.239973831095074,-0.0785094106116075,622
-0.241891751230046,-0.0837184781606514,623
-0.238399020616385,-0.0757732388079424,624
-0.239158055132527,-0.0821860923714513,625
-0.238217502305257,-0.0766092508692557,626
-0.238366666083019,-0.077863276854803,627
-0.240235677775648,-0.0906174966606464,628
-0.241140344633253,-0.0949843091238364,629
-0.241052232515977,-0.0855551159714794,630
-0.241322352908256,-0.0932354315966927,631
-0.240154871889797,-0.0860165639489734,632
-0.24039563410463,-0.0892659433848375,633
-0.240646743968074,-0.0894892920417432,634
-0.238377626407301,-0.0679391146575739,635
-0.239513994015794,-0.0773824807527159,636
-0.239786962404201,-0.0794586566970067,637
-0.236265772041312,-0.061632848212004,638
-0.237387540155522,-0.0705307871446203,639
-0.242135379894699,-0.100483885441081,640
-0.243902748283499,-0.114601552915249,641
-0.241562896085954,-0.092047317387431,642
-0.240202437304543,-0.0846847931725361,643
-0.239906028683414,-0.0846919139642541,644
-0.237199176151991,-0.0704980463491401,645
-0.236775418970606,-0.0689813564693803,646
-0.240043337974106,-0.0813769189763754,647
-0.237849739677558,-0.073673367259041,648
-0.238175286248072,-0.079510975736208,649
-0.23772961923158,-0.0774838513964965,650
-0.236847843024404,-0.067948727784967,651
-0.239459672179652,-0.0807497282439485,652
-0.239314222464437,-0.0809009649292656,653
-0.237700030145066,-0.066988607532993,654
-0.239330578286867,-0.0767945897385702,655
-0.240691072757384,-0.0831166845562231,656
-0.240095706298092,-0.0853434047168551,657
-0.24107616438637,-0.0954347455998397,658
-0.241992100335891,-0.0964099383878536,659
-0.240301972509544,-0.0821983551701587,660
-0.241924634049736,-0.0911172675944484,661
-0.239768560256332,-0.0811350100143113,662
-0.242461051645263,-0.0972164329040429,663
-0.241580975238978,-0.0949509269855047,664
-0.242355867130634,-0.0806330096845656,665
-0.240063728186614,-0.0820561364461081,666
-0.24147882074836,-0.0883898909721771,667
-0.241036717377626,-0.0904775717420408,668
-0.238053221258949,-0.0759647541884685,669
-0.240476255305607,-0.084252007677086,670
-0.236653366960391,-0.0706044134100291,671
-0.240095771512517,-0.0875246590920046,672
-0.239417571307538,-0.0825305108862113,673
-0.238527951433174,-0.0753456678559238,674
-0.237976632068147,-0.0712931748539231,675
-0.236712331063021,-0.0679573347233998,676
-0.236189455759785,-0.0667456061502827,677
-0.238690399700538,-0.0715141387170774,678
-0.237348541077868,-0.0709542732662585,679
-0.233443755675345,-0.0570273198112448,680
-0.237563492567075,-0.0727800854574529,681
-0.238870932607902,-0.0795189354043173,682
-0.238716133746183,-0.0804728544135765,683
-0.215969991965436,-0.006637018008857,684
-0.230099947953858,-0.0473888564008082,685
-0.232701467212367,-0.0528597695986262,686
-0.228872923985547,-0.0399417116970717,687
-0.234749191199623,-0.0618978486526723,688
-0.234785853088557,-0.0637849130619534,689
-0.240100996258169,-0.0828354406964525,690
-0.237818822093899,-0.0743794473894716,691
-0.229164267411501,-0.0450290064672614,692
-0.232565941691377,-0.0549897427066727,693
-0.226258705890217,-0.0350836756292945,694
-0.235418057515347,-0.0661584994650716,695
-0.238211454229678,-0.0780769043901528,696
-0.23895499890939,-0.073677773765355,697
-0.238256875999055,-0.0774721745714145,698
-0.234231164821744,-0.0620237772476641,699
-0.234782072942782,-0.0661391146533717,700
-0.234828845547492,-0.0633587856610129,701
-0.236358553400298,-0.072230398159459,702
-0.239152980836902,-0.0849069715034634,703
-0.239102616599997,-0.082639420895147,704
-0.238468704319717,-0.0772655275725685,705
-0.236852253036803,-0.0731730094244432,706
-0.23702598617291,-0.0725673347433544,707
-0.239504185217829,-0.0862873615601548,708
-0.239865850619818,-0.0879026564977356,709
-0.241365575658947,-0.0883673080811884,710
-0.236926762966405,-0.0725266086176975,711
-0.237445810276195,-0.076019456854895,712
-0.236862301625004,-0.0717418556418245,713
-0.23349776054459,-0.0580521633124521,714
-0.234745172036448,-0.0642423098338604,715
-0.233517457667307,-0.0579353132386966,716
-0.23717041503571,-0.0721155642719357,717
-0.235726773134075,-0.0654743572077857,718
-0.234497674888524,-0.0620500175751172,719
-0.235998053185834,-0.0680926737904604,720
-0.230578148649027,-0.0500021272952215,721
-0.222225050202556,-0.0247392092478023,722
-0.227565016451093,-0.0394254402307016,723
-0.23277264753039,-0.0531298290213318,724
-0.234270128220349,-0.0619762950555195,725
-0.238145561773277,-0.0727936028465086,726
-0.239407846753804,-0.0821137017385255,727
-0.237153915895992,-0.073426426473669,728
-0.233991984929038,-0.0611532240606395,729
-0.23751500571931,-0.0661430150400575,730
-0.238534010600863,-0.0722914780405541,731
-0.238584672809417,-0.0764615143182117,732
-0.237383754395283,-0.073893024671026,733
-0.235821241923866,-0.0667544859487875,734
-0.238075654651249,-0.0775076396609175,735
-0.237416253733016,-0.076962423582143,736
-0.235519263167529,-0.0693157603712029,737
-0.237689672882846,-0.0743208315042624,738
-0.235487406769248,-0.0647799160672182,739
-0.238863455080284,-0.0807589797948115,740
-0.240387849128914,-0.0892570252752601,741
-0.238274290567901,-0.08136781803441,742
-0.236618118846902,-0.0692672707303316,743
-0.236237263194251,-0.0669716637743015,744
-0.240169426765118,-0.0724025022646287,745
-0.241686430968111,-0.0837326859630042,746
-0.241731684667424,-0.0847541399790442,747
-0.244118659268971,-0.0852205794431298,748
-0.242931701742146,-0.0815068076062257,749
-0.238829216940146,-0.0673976918031741,750
-0.240746156929933,-0.0778311540404339,751
-0.243275336081344,-0.0893251340215695,752
-0.242769865287512,-0.0839998675316251,753
-0.24427894684258,-0.0927321722458899,754
-0.242823427375927,-0.085438834082069,755
-0.240910187968949,-0.0714486836144701,756
-0.245171612270229,-0.0937972700327253,757
-0.245293690889899,-0.0967557706144599,758
-0.244450506452363,-0.0781473933483331,759
-0.241134403666402,-0.0674305057166045,760
-0.241383889213559,-0.0678710351005962,761
-0.240430326191736,-0.0747223009381109,762
-0.236707006211267,-0.0596905096915916,763
-0.241594684090143,-0.0788741916965934,764
-0.244448222128067,-0.0919196401685168,765
-0.245241294738538,-0.0934834284037112,766
-0.243826338880276,-0.0874947173761382,767
-0.242925219733566,-0.0851395202119958,768
-0.23430752545816,-0.0518185111550283,769
-0.239359553731336,-0.0714339527446982,770
-0.238376879416092,-0.0678436990781429,771
-0.242178513508693,-0.0837848681995,772
-0.241750356499019,-0.0783633477590128,773
-0.237337759774133,-0.0621994427387567,774
-0.242294966992529,-0.081186954772995,775
-0.241081623552254,-0.0810866540685963,776
-0.242479557487406,-0.0867764831118842,777
-0.239826478365003,-0.0793330259460314,778
-0.24119491173846,-0.0806457717949997,779
-0.241004702458203,-0.0806718612438324,780
-0.245680915134404,-0.10484614671303,781
-0.242250135884148,-0.0834300119416417,782
-0.242473872477166,-0.0808863868642351,783
-0.239947493727114,-0.0711024236542755,784
-0.238507400212641,-0.0694132664338266,785
-0.236344519327055,-0.0662548419434779,786
-0.2378883846069,-0.0683116878422879,787
-0.238994345878746,-0.0781327667461477,788
-0.238105581304247,-0.0720143556432408,789
-0.239337240311799,-0.077571996574113,790
-0.237097482164068,-0.0646769085502084,791
-0.237730075407177,-0.0693382442509831,792
-0.240492885632202,-0.0809635399865938,793
-0.237872848912263,-0.0701178840775959,794
-0.241538347241182,-0.0879863616237501,795
-0.237286405185436,-0.070420810208503,796
-0.238185782070847,-0.0700481220974881,797
-0.238384430680973,-0.0687881518964081,798
-0.239219917031959,-0.0762240184768195,799
-0.232866297435468,-0.0546197961969751,800
-0.237801949541939,-0.0700526725120449,801
-0.236817869406263,-0.0652271826222216,802
-0.239643675615955,-0.0764030307139129,803
-0.236818262211993,-0.0618608673672965,804
-0.236467176725543,-0.0607316800067026,805
-0.240979219384418,-0.0817474770633996,806
-0.241151275253616,-0.0815769822197428,807
-0.242491362203024,-0.0825541978568007,808
-0.242491778697972,-0.0894311049320233,809
-0.241857163874936,-0.0839453629197853,810
-0.240707108469773,-0.0800377744257743,811
-0.239706325828866,-0.0754218621917784,812
-0.240006713526501,-0.0778737658859057,813
-0.238250211861939,-0.068444215792112,814
-0.238978557935127,-0.0741829563163622,815
-0.241078593529005,-0.0825760669940187,816
-0.242258182456203,-0.0886579351316416,817
-0.24196111869487,-0.0820195735552479,818
-0.241088937500633,-0.0804341233205128,819
-0.240611663258899,-0.0762121877677789,820
-0.237720647018974,-0.0654824020065485,821
-0.241205283495332,-0.080749860880373,822
-0.240309330439635,-0.073966560208095,823
-0.238781540360149,-0.0746413839522449,824
-0.236796901988882,-0.0685173571831214,825
-0.239057469865247,-0.0740990597826903,826
-0.239943914884376,-0.0786745981254683,827
-0.236980855067977,-0.0695483987601654,828
-0.233695053538299,-0.0486330885436351,829
-0.235794693412386,-0.0614810676851288,830
-0.239817046646963,-0.0759673650413863,831
-0.237449960424588,-0.0700415692088532,832
-0.240223699139282,-0.0803944742044468,833
-0.239958931352177,-0.0801968199807875,834
-0.239325146652798,-0.0742734726388178,835
-0.234715695929118,-0.0569144143526017,836
-0.23895553991291,-0.0720493868683298,837
-0.237939542310444,-0.0692727328363846,838
-0.235605859586964,-0.0628345827809857,839
-0.242495828043712,-0.0830252186446539,840
-0.240974722518797,-0.0807413910839214,841
-0.240896999330993,-0.0839632199301866,842
-0.219919161465295,-0.0154760370249207,843
-0.232431731242491,-0.053805676783498,844
-0.222773086951743,-0.0229889351564401,845
-0.222307807240243,-0.0200285740481415,846
-0.232374847557687,-0.0519668970556282,847
-0.235973595447546,-0.063618269158774,848
-0.236989362190625,-0.0690164241353837,849
-0.237958830240574,-0.073196169026013,850
-0.23587506858506,-0.0632328126971843,851
-0.236882088722712,-0.0690385263853038,852
-0.240035639057005,-0.081821553802694,853
-0.238081901340093,-0.0690093952744125,854
-0.239492559155198,-0.0765846534441673,855
-0.24185185781451,-0.0758215103561097,856
-0.243633723924984,-0.0860272461124202,857
-0.242974663758843,-0.0867281043774735,858
-0.243780696082516,-0.0935719580489064,859
-0.239795547703561,-0.078962707240645,860
-0.238903469290973,-0.0724565543805061,861
-0.237678023315219,-0.0678599010094942,862
-0.238133529634674,-0.0727175326124279,863
-0.23667666756759,-0.0660958421564956,864
-0.240065304758921,-0.0778723024300007,865
-0.237837140116226,-0.0693242554615712,866
-0.24180277760751,-0.0818129373664779,867
-0.241797551506773,-0.0883825183925862,868
-0.240516200357947,-0.0860746737296768,869
-0.240177180774466,-0.0834287025065961,870
-0.239590701850904,-0.0803665142906673,871
-0.237286300295512,-0.0718685932097504,872
-0.2383567412543,-0.0803828214991322,873
-0.238088210221632,-0.0754605289135961,874
-0.236300728083405,-0.0642454565530545,875
-0.239892021755508,-0.078346326961804,876
-0.237520790709128,-0.0761860430137508,877
-0.239856996539157,-0.0906100875527217,878
-0.239350914410222,-0.0823467808326911,879
-0.234782132986252,-0.0680041534725192,880
-0.237300103332188,-0.0704240630604548,881
-0.23550958906555,-0.0639870115484351,882
-0.235068505665161,-0.0602054847504115,883
-0.235105134071003,-0.0691459388691109,884
-0.235161666999931,-0.0709339818719966,885
-0.229707234548021,-0.0505151349913555,886
-0.233287995146454,-0.0640912091805412,887
-0.232968093560258,-0.0612373710922645,888
-0.23277232166051,-0.0603874188528828,889
-0.235649717558011,-0.0714598109654153,890
-0.238632838986678,-0.0871004744244,891
-0.236037577999918,-0.0782255427399957,892
-0.236775215606673,-0.0850873821337034,893
-0.232323429066788,-0.0644692475784762,894
-0.227076380133644,-0.0520526330932763,895
-0.229436312236474,-0.0627768504307338,896
-0.229376411755551,-0.0651384033396084,897
-0.236127691414004,-0.0961942898967799,898
-0.23272265634896,-0.0799023569997377,899
-0.232055955075692,-0.0765659675764469,900
-0.232930783618404,-0.0751429113146109,901
-0.231945814734889,-0.0702207500423502,902
-0.232536673352034,-0.0782279233546507,903
-0.231054865363478,-0.0672878670852199,904
-0.23205707320506,-0.0741390655198806,905
-0.232814766323944,-0.0789255501257409,906
-0.230082126372212,-0.0700971765699665,907
-0.227341336974786,-0.0578443989152604,908
-0.228470539176804,-0.0673444767246608,909
-0.224187155027468,-0.0530316367260853,910
-0.228677431054757,-0.0656483331429819,911
-0.227902430568656,-0.062664182891908,912
-0.22490746811538,-0.0536635594945399,913
-0.228766350116915,-0.0605240704353055,914
-0.224879082105787,-0.0501764730251866,915
-0.231306461297812,-0.0743575853799327,916
-0.229214646540693,-0.0698951823028233,917
-0.22974323824475,-0.0762067104666198,918
-0.231175250593223,-0.0777093857102602,919
-0.231750817721518,-0.0808583755500106,920
-0.233038606843964,-0.0833658927050453,921
-0.231205111379713,-0.082040190150648,922
-0.231814460615149,-0.0848782193500354,923
-0.229962265531026,-0.0804777211389917,924
-0.229696308669088,-0.0767626628293886,925
-0.231492818435279,-0.0803262137082828,926
-0.229869999520433,-0.0752564525755167,927
-0.22993272280884,-0.0787910105336794,928
-0.228514347899127,-0.074533253998063,929
-0.227775552272067,-0.0701592021818163,930
-0.227495455151981,-0.0732115535070654,931
-0.22856281505515,-0.0721646929542338,932
-0.22953025068257,-0.0763005886627259,933
-0.232162761081934,-0.0828742921839083,934
-0.232129336230119,-0.0876302163282128,935
-0.230429532101264,-0.080646528076882,936
-0.226950309345695,-0.0619453190535603,937
-0.232427921296752,-0.0824802932242773,938
-0.238097991588388,-0.0852509084913587,939
-0.237590086978692,-0.0840565776213106,940
-0.235841797540834,-0.0783148753094061,941
-0.236047381700587,-0.0809013877784408,942
-0.233061875341532,-0.0702266173165142,943
-0.230744115944852,-0.0695470362422729,944
-0.232523519617637,-0.0751627008981364,945
-0.235212631554593,-0.0847601642524057,946
-0.237558739054232,-0.0940965048382213,947
-0.235344693791718,-0.0759996511525525,948
-0.237483335283687,-0.0974027246632255,949
-0.233637632608049,-0.0803816224722748,950
-0.233426674858633,-0.0808664032183829,951
-0.230187823414494,-0.0693447623400272,952
-0.229785468109744,-0.0660199628021189,953
-0.230753435011257,-0.0695766508055501,954
-0.233283288155633,-0.0876418466653226,955
-0.232536196315802,-0.0838009762869781,956
-0.232790669215776,-0.0791125100650319,957
-0.230506244184477,-0.0731961972243673,958
-0.231297509539446,-0.0727815457337312,959
-0.227497668554562,-0.0613667156582636,960
-0.225623607590473,-0.0543916575352027,961
-0.228133303043672,-0.0612908360524265,962
-0.228449569328307,-0.0632459291128632,963
-0.230636291104427,-0.0710061302422386,964
-0.232791402119153,-0.0843889360590603,965
-0.232484251421731,-0.0797141211479477,966
-0.230281865705124,-0.0708501216203126,967
-0.231990376109905,-0.0728646508014264,968
-0.232201426620139,-0.0750585769976341,969
-0.229648850856859,-0.069025171229588,970
-0.225958989751916,-0.0570166612036951,971
-0.232691988459023,-0.0775958100790896,972
-0.231089140475963,-0.0723953544503965,973
-0.231585860916077,-0.0752106758807782,974
-0.231576999846671,-0.0710063229953054,975
-0.230771794825407,-0.0713634604323101,976
-0.231713407424975,-0.0725034417675354,977
-0.232753734307967,-0.074918746297947,978
-0.23398632362901,-0.0832735580887001,979
-0.230416940172031,-0.0692478124491975,980
-0.229441814375663,-0.067876271907878,981
-0.225428259443616,-0.0549793453374516,982
-0.237949025976817,-0.112607185408706,983
-0.234380162431869,-0.0850230443870978,984
-0.234590187112735,-0.0884213564194658,985
-0.227501912013594,-0.0601202351809991,986
-0.227218135132185,-0.059255371299223,987
-0.230398463740238,-0.0757228359054789,988
-0.228104244633505,-0.0678691568239744,989
-0.228422298763231,-0.0736845670789602,990
-0.229659041885227,-0.0788047833842488,991
-0.229873194157748,-0.07900060043394,992
-0.229701388512946,-0.077124102620508,993
-0.226708850069368,-0.064494826534738,994
-0.226433552912924,-0.0631173548422139,995
-0.224375547593023,-0.0483028443490276,996
-0.227372752736542,-0.0610594596133997,997
-0.230039478322135,-0.0724872687932215,998
-0.225782331626561,-0.0603499135452269,999
-0.228181101918501,-0.0704853136309627,1000
-0.228025905421257,-0.0691077723578596,1001
-0.229601295110661,-0.0764958620207517,1002
-0.230237483371836,-0.0725884741338638,1003
-0.231237517509321,-0.0743280977835644,1004
-0.228759499218842,-0.0652888468163985,1005
-0.232016104413207,-0.0745968191121431,1006
-0.232307546798881,-0.0758866511496264,1007
-0.231039575160705,-0.0730185270987001,1008
-0.234653217298876,-0.0866966952475197,1009
-0.233125233998589,-0.0805849169784357,1010
-0.235434608114389,-0.0889950613319805,1011
-0.235221780622524,-0.0888306256150896,1012
-0.234308195901181,-0.0885828999793446,1013
-0.233407441383593,-0.0809357896414515,1014
-0.234519330173287,-0.0871832403615578,1015
-0.231957577016882,-0.0736689167918395,1016
-0.231769577513573,-0.073108852407131,1017
-0.230986637896196,-0.0717999948315353,1018
-0.229304433828838,-0.0641405764824523,1019
-0.229377317371409,-0.0666175707308943,1020
-0.231228366871187,-0.0738778383571626,1021
-0.226958238880913,-0.0554371843855783,1022
-0.230546408848223,-0.0748264916435397,1023
-0.232787409547327,-0.085143775831712,1024
-0.237399450226429,-0.0763144235469855,1025
-0.233773511412685,-0.0622837296449138,1026
-0.237181741271798,-0.0763455535652658,1027
-0.235293441757581,-0.0703837056064773,1028
-0.239919740978909,-0.0814619182466722,1029
-0.237406277944348,-0.0690413192243419,1030
-0.239137466406318,-0.0813447614594002,1031
-0.235294910897471,-0.066351253124073,1032
-0.235040070516203,-0.0683851282416928,1033
-0.237206434925803,-0.0801972023263846,1034
-0.236568271590539,-0.0793555827804235,1035
-0.234849700046555,-0.0743684999451085,1036
-0.237897938997188,-0.0881736164229476,1037
-0.238232225851325,-0.0924905316678973,1038
-0.231673510340287,-0.0621540292275341,1039
-0.236386863218712,-0.0780215604834397,1040
-0.235619105176959,-0.0755804567224184,1041
-0.231949023222755,-0.0627221491048358,1042
-0.234784604361922,-0.0735923398757725,1043
-0.235252599914939,-0.0766309223518417,1044
-0.233793955136423,-0.0726421426801841,1045
-0.226491511258469,-0.0483286966432068,1046
-0.225981538953043,-0.0469037483239711,1047
-0.230715010389448,-0.0627979687673991,1048
-0.227982630959181,-0.0526029925443309,1049
-0.231634342461974,-0.0669468608162312,1050
-0.232335883115264,-0.065202502776707,1051
-0.234597147935269,-0.076330858739407,1052
-0.233209291265032,-0.06903954684657,1053
-0.230629331511411,-0.0600331195811795,1054
-0.229576579029913,-0.054994020138322,1055
-0.231574077476722,-0.0625886199965282,1056
-0.231792051287299,-0.0619506251225315,1057
-0.233049085192157,-0.0703466007848173,1058
-0.228163093443798,-0.0534290044072637,1059
-0.225868460810532,-0.0398089729496861,1060
-0.22978310438101,-0.0598938582755473,1061
-0.231872746025738,-0.0678962412588121,1062
-0.230593056920037,-0.0604651113142579,1063
-0.235368264797799,-0.0777005031185196,1064
-0.232216083562055,-0.0644863205093667,1065
-0.232603510051681,-0.0645124789333982,1066
-0.236457311260062,-0.0813385406183425,1067
-0.230626794235516,-0.0585485188209715,1068
-0.233307626814333,-0.0714396029645237,1069
-0.235638324493999,-0.0809935250796932,1070
-0.233621923554644,-0.0720727754312773,1071
-0.233272652485946,-0.0718320413708515,1072
-0.228765986306199,-0.0565477976068185,1073
-0.231088744481082,-0.0653658885654127,1074
-0.231402324101777,-0.0632337494517644,1075
-0.228787394806065,-0.0572909264438857,1076
-0.228960705109917,-0.0536029333812678,1077
-0.234101501377259,-0.0682622699549447,1078
-0.230217479483042,-0.0548411579838852,1079
-0.229577975816607,-0.0556258442462882,1080
-0.22960258096799,-0.0585306026787507,1081
-0.22757974963354,-0.0522710829332299,1082
-0.227736003145579,-0.0548739518769191,1083
-0.231608702397166,-0.0653577321210979,1084
-0.230542225444272,-0.0620912482749613,1085
-0.230178753945725,-0.0609262005024712,1086
-0.229208625340061,-0.0561229376014862,1087
-0.231337331409402,-0.0544953341751993,1088
-0.229193344123223,-0.0486529364199483,1089
-0.236099651480833,-0.0632689413692854,1090
-0.234964692674156,-0.0631464626842483,1091
-0.232310521570426,-0.0537840713875307,1092
-0.232074368758038,-0.0516033026039008,1093
-0.23334492208347,-0.0573500731026355,1094
-0.236750654452327,-0.0711676026107861,1095
-0.23751956241159,-0.0707828337243115,1096
-0.23733180784727,-0.0670059003246735,1097
-0.23516497771988,-0.0601761940773098,1098
-0.235750693200864,-0.0632834338635912,1099
-0.233698291244096,-0.057891260447902,1100
-0.234595745029566,-0.0632920977279671,1101
-0.235423430646,-0.0659985564829663,1102
-0.234856667693783,-0.0650194184150303,1103
-0.234656573416228,-0.0638973587060038,1104
-0.216656549280603,-0.00788911844763491,1105
-0.232783268453116,-0.0589362831160811,1106
-0.232996154525341,-0.0558900958627257,1107
-0.231735923788996,-0.048269749367831,1108
-0.231781220087874,-0.0518556143975467,1109
-0.231280905999203,-0.0498087691495677,1110
-0.231843696992295,-0.0516863214928926,1111
-0.23195762166441,-0.0541066610796508,1112
-0.233783991947436,-0.0601594486780032,1113
-0.235861248792237,-0.0715402481086672,1114
-0.237877787492272,-0.0786274543703291,1115
-0.233643399777292,-0.0592682085725211,1116
-0.233849618743555,-0.0611031761168171,1117
-0.228992633955218,-0.0437557656900649,1118
-0.23362778613189,-0.0587856762545053,1119
-0.234017750593064,-0.06479948826337,1120
-0.233335547380836,-0.0577823608607703,1121
-0.232222754329063,-0.0535954002159728,1122
-0.232385663633838,-0.0567761529413096,1123
-0.234878364607768,-0.061091833166497,1124
-0.226815018641645,-0.0327896197465547,1125
-0.182900918701454,0.0755502272251609,1126
-0.220249613334782,-0.00546169482025148,1127
-0.230273054279123,-0.0383541371222501,1128
-0.234227381875281,-0.0545592385232414,1129
-0.234032592252607,-0.0554003238874226,1130
-0.235507852130038,-0.0580217984491914,1131
-0.238492386388772,-0.0724712952179575,1132
-0.235584123142887,-0.0622583176541739,1133
-0.232370989634332,-0.0532047638470184,1134
-0.237376221065987,-0.071223532911733,1135
-0.23417646941773,-0.0544627980163234,1136
-0.237233730534661,-0.0682153375994483,1137
-0.238080108057949,-0.0673607270517856,1138
-0.238289955803741,-0.0703353714029379,1139
-0.235943349339892,-0.0664278045944268,1140
-0.238358053007784,-0.0761606279254984,1141
-0.238341106096539,-0.071162553632402,1142
-0.238350323215179,-0.0684709897070601,1143
-0.238800277021032,-0.0678569505087473,1144
-0.236144772394366,-0.0624422283402867,1145
-0.233293354511855,-0.0548398165239524,1146
-0.236568072066756,-0.0645671716534011,1147
-0.236683301061627,-0.0668698227490848,1148
-0.241127710743198,-0.0641178278191002,1149
-0.243995132998866,-0.0797990266888486,1150
-0.243575529623217,-0.0831864834246109,1151
-0.241354804142769,-0.0848121552871957,1152
-0.239473743511464,-0.082269053269101,1153
-0.239000076684888,-0.0804308009102221,1154
-0.237070748562532,-0.0691762261345048,1155
-0.237180839322582,-0.0701130016950117,1156
-0.237504486516156,-0.0717512902348477,1157
-0.234945852381119,-0.0629219316170803,1158
-0.233588415237029,-0.0586404121456016,1159
-0.235181330369778,-0.0641174545963697,1160
-0.23518447336497,-0.063500394071899,1161
-0.236139260608932,-0.0659207455281448,1162
-0.23625854603757,-0.0639593588577716,1163
-0.241057536811838,-0.0671130096184463,1164
-0.239783969477179,-0.0569455159978046,1165
-0.237104838138899,-0.0477337673542813,1166
-0.241024005946374,-0.0595127187375885,1167
-0.243822046442898,-0.0731219624655598,1168
-0.244403598532584,-0.0749614954116941,1169
-0.247446796930514,-0.0948574333671836,1170
-0.24455991787391,-0.0816635478072581,1171
-0.243005762559257,-0.0694089709928944,1172
-0.24243731656669,-0.0671715744380377,1173
-0.242491156495143,-0.0639171267089602,1174
-0.241837726778256,-0.0598281661670981,1175
-0.243017295684548,-0.0666518136660305,1176
-0.2487999551556,-0.130265596730303,1177
-0.245022552651912,-0.0844814058049281,1178
-0.244352552728255,-0.0807428140706241,1179
-0.243783130553312,-0.0769840001620233,1180
-0.242713802296563,-0.071777581224519,1181
-0.242770457044948,-0.0712099728184105,1182
-0.241379814731394,-0.0637966308764595,1183
-0.241668936620739,-0.0655556813502167,1184
-0.239732662767316,-0.058390288317833,1185
-0.241571573552129,-0.0658178985292397,1186
-0.246781688684302,-0.0828230350805306,1187
-0.245232923168649,-0.0822585104550251,1188
-0.243600807395077,-0.074867881094289,1189
-0.244655722051491,-0.0783872995551419,1190
-0.24337961006678,-0.0726639936991326,1191
-0.241746844399258,-0.0660447344816877,1192
-0.241023608386793,-0.0599167886015845,1193
-0.243138850625905,-0.0695164342093887,1194
-0.24341022981136,-0.070680150055536,1195
-0.243338109283126,-0.0674965778746486,1196
-0.243124139963109,-0.0687570479458189,1197
-0.241446002963325,-0.0644967106763473,1198
-0.245874668657666,-0.085573149737262,1199
-0.243805005193018,-0.0737030186154011,1200
-0.239486350513763,-0.0558523535051167,1201
-0.242868207438142,-0.0702417610390726,1202
-0.242050518601814,-0.0681510063851044,1203
-0.240103701524983,-0.0607087568793777,1204
-0.243665700309202,-0.0785159522534134,1205
-0.24510518076154,-0.0832557952659541,1206
-0.243559811734355,-0.0775594713494823,1207
-0.244436418646055,-0.0803585478135976,1208
-0.244175778279647,-0.0801605801783383,1209
-0.243752919353816,-0.078927973854616,1210
-0.24509474313352,-0.0800679023329486,1211
-0.243260758199773,-0.0715255245719024,1212
-0.246435224198117,-0.0928941214094214,1213
-0.242488293938179,-0.0707956673685263,1214
-0.24269388422741,-0.0715883803672348,1215
-0.242516785993983,-0.0687677821273297,1216
-0.243717382523583,-0.0714733816489818,1217
-0.24285833035379,-0.0714727922429542,1218
-0.245038264441353,-0.0800393626908885,1219
-0.24285339858545,-0.0708835977414455,1220
-0.243385817532155,-0.0732544603493788,1221
-0.244133988750648,-0.0789731466541061,1222
-0.244784358627611,-0.0828235535745991,1223
-0.245907433292036,-0.0923615213856831,1224
-0.24466065852408,-0.081498577375722,1225
-0.23869378617538,-0.0558112156156602,1226
-0.242007981226819,-0.0688239636689813,1227
-0.244554817252995,-0.0654329126263117,1228
-0.241637374880757,-0.0595432475575948,1229
-0.242728339036127,-0.0694846907887634,1230
-0.242361355277944,-0.0677948800942721,1231
-0.238149667045685,-0.0524479189968997,1232
-0.240038551874082,-0.0566461971804886,1233
-0.241573357789255,-0.0654517635032934,1234
-0.241076340530193,-0.0576316553437359,1235
-0.242365813554206,-0.0632912274230782,1236
-0.241848405008905,-0.0645932037939535,1237
-0.242638692374547,-0.0688224526199732,1238
-0.241318159317251,-0.0636890294611548,1239
-0.242924016227358,-0.0711884545904939,1240
-0.239814294865797,-0.0575155766964559,1241
-0.242498625318069,-0.0664131959445589,1242
-0.242599423922428,-0.0689004313937547,1243
-0.244233645540565,-0.0821368312106232,1244
-0.243634188352607,-0.080622159424821,1245
-0.240734095302117,-0.0661086404884459,1246
-0.243517488891585,-0.0742680159116429,1247
-0.241780385612692,-0.068899378527827,1248
-0.242372492475935,-0.0740831940442448,1249
-0.241744984161612,-0.0683674142119944,1250
-0.243044472083303,-0.0789739700711594,1251
-0.239874002987501,-0.0632900759376448,1252
-0.242317216121046,-0.0779687302523293,1253
-0.235434210050014,-0.0545126519359595,1254
-0.236763173726257,-0.0605993444216456,1255
-0.24060695680401,-0.0785053454613325,1256
-0.240325945298615,-0.0766188922793417,1257
-0.237112213109707,-0.0601916274624369,1258
-0.236844079106955,-0.0591666462791375,1259
-0.23933813066411,-0.0676509563138014,1260
-0.240148359255196,-0.0797179925380957,1261
-0.23834077143566,-0.0721245686376841,1262
-0.236078506021973,-0.0665859440613495,1263
-0.233743706494345,-0.0606945908924747,1264
-0.234606204486512,-0.063698703253077,1265
-0.233184506363681,-0.0645195948814632,1266
-0.232498198714507,-0.0671939677010053,1267
-0.234072680871972,-0.0670463255057931,1268
-0.239358820554182,-0.0830291882694619,1269
-0.239375724793446,-0.0993880143732363,1270
-0.233492404733588,-0.0663910508351411,1271
-0.23551200397791,-0.0599198076897441,1272
-0.235103382036926,-0.0678608954140934,1273
-0.235305732508996,-0.0737797176304779,1274
-0.236610689545527,-0.0693211002021107,1275
-0.233953813071004,-0.0596912995114959,1276
-0.238096171158841,-0.077667991227071,1277
-0.234105150898659,-0.0604779885522813,1278
-0.238049885951092,-0.0756952724196799,1279
-0.240519696151462,-0.0903650055488741,1280
-0.235731615294633,-0.0678020522292246,1281
-0.234122103174898,-0.0621799517730746,1282
-0.234711580093378,-0.0658055731485116,1283
-0.236463220260587,-0.0744127797826605,1284
-0.236323667279546,-0.0728214930360886,1285
-0.237978060622327,-0.0787447728996434,1286
-0.236689729439039,-0.0737112970471498,1287
-0.236498264314539,-0.0731072279138021,1288
-0.238475312354155,-0.0773228229091744,1289
-0.238509371669153,-0.0830703690069508,1290
-0.238006655488344,-0.082340709683844,1291
-0.236357272866261,-0.0732465201592521,1292
-0.237207634633704,-0.0630806462785813,1293
-0.23925391613924,-0.0699666154418161,1294
-0.236313387357493,-0.066172498930965,1295
-0.234608029476962,-0.0658733931093962,1296
-0.235360497611827,-0.0691741975275708,1297
-0.23448449747438,-0.0679252594903905,1298
-0.23688590458873,-0.0748705615344827,1299
-0.236862906370782,-0.0767252127585712,1300
-0.231345618348265,-0.0551468138580622,1301
-0.235801439562319,-0.0739372307915247,1302
-0.23708524583222,-0.0799846920428881,1303
-0.23784783510731,-0.0832091666627571,1304
-0.233416009387687,-0.0627122496770976,1305
-0.235248749550247,-0.0700877841958407,1306
-0.235889887051643,-0.06712630016318,1307
-0.237948194690182,-0.0721872544393342,1308
-0.233426472809762,-0.0606762587484236,1309
-0.233248845262136,-0.0594312759479506,1310
-0.233711256407118,-0.0627299168460221,1311
-0.234148209411988,-0.0650564942954568,1312
-0.236409412329776,-0.0689147984108555,1313
-0.235451564598629,-0.0637449385673949,1314
-0.242258697877753,-0.100704974891407,1315
-0.239908135293159,-0.0805717479036311,1316
-0.239923602743467,-0.0783540025845793,1317
-0.239396920447634,-0.0760279311177585,1318
-0.238402078794696,-0.0730550619839463,1319
-0.24005441235559,-0.0824567631378654,1320
-0.238330613469068,-0.0732378098975297,1321
-0.237554820807854,-0.0698605787864927,1322
-0.239336930078387,-0.0782452618783005,1323
-0.239632173220627,-0.0788367949016576,1324
-0.237622801774128,-0.0655192263653035,1325
-0.233533568378456,-0.0523074974223159,1326
-0.239253539023959,-0.0830234085416349,1327
-0.239030509327075,-0.0787053128869261,1328
-0.237518121405885,-0.070727831606768,1329
-0.238386656877629,-0.0737206928444019,1330
-0.236136004019504,-0.0641192339279661,1331
-0.235268537683171,-0.0609251677528676,1332
-0.23821054166731,-0.0757057547501828,1333
-0.236814409302827,-0.0633195986745135,1334
-0.237494408571796,-0.0647905096873782,1335
-0.237298231092399,-0.0666551478165074,1336
-0.237702724634643,-0.0717081354008944,1337
-0.236191668467704,-0.0664707982056582,1338
-0.237592550351183,-0.0726716948437736,1339
-0.236591381003555,-0.0686288156696077,1340
-0.240254085804241,-0.0876373437081019,1341
-0.238635592468215,-0.076223769279391,1342
-0.23792605754087,-0.0686725693036021,1343
-0.235164915347331,-0.061392906342364,1344
-0.242383980612438,-0.0693304652537371,1345
-0.239157516532189,-0.073140568205507,1346
-0.23690332689168,-0.0691229327316565,1347
-0.235350781668931,-0.0611998546057124,1348
-0.236281470570707,-0.0662975526845784,1349
-0.235973065815059,-0.0669147952006087,1350
-0.236123445069482,-0.0653061824598732,1351
-0.238676648766017,-0.0791253925272832,1352
-0.240019981390226,-0.0724223781070455,1353
-0.234137064648469,-0.0554066555613735,1354
-0.233206633256012,-0.054461965792754,1355
-0.234215622575622,-0.0577972583159912,1356
-0.237951432340896,-0.0756633922429015,1357
-0.234588941777852,-0.0622180355095911,1358
-0.233797978807094,-0.060247873694675,1359
-0.235052698314348,-0.0641481736665695,1360
-0.235600138528693,-0.0651478821996486,1361
-0.237449281642411,-0.0710795433195132,1362
-0.235953340957646,-0.0642188920577993,1363
-0.234394950481841,-0.059648856601313,1364
-0.23464010616244,-0.061173500159137,1365
-0.23870751067671,-0.0803595520877175,1366
-0.234085732813676,-0.0592958648841617,1367
-0.237039904799967,-0.0678384014818685,1368
-0.23891949367603,-0.0730298925634766,1369
-0.241394085550755,-0.0886324767246789,1370
-0.238203594096937,-0.0749839454000142,1371
-0.237076087690475,-0.0698349566006386,1372
-0.242954400825228,-0.0950895696784294,1373
-0.241521248578728,-0.0791982116611936,1374
-0.23988121824986,-0.0759613128729833,1375
-0.238895927709315,-0.072235223802199,1376
-0.240151787808925,-0.0781207035224645,1377
-0.240694922348083,-0.0791922423585114,1378
-0.240580125793229,-0.0769769302422138,1379
-0.239252791745195,-0.0723795200709387,1380
-0.237558960040129,-0.067392947201795,1381
-0.240163826808549,-0.0708939826768515,1382
-0.239657990962028,-0.0745273770129508,1383
-0.239405015152264,-0.0740304461520215,1384
-0.238964053335299,-0.0728992465764513,1385
-0.237117638716018,-0.0631340069069783,1386
-0.230696953837474,-0.0442444617800556,1387
-0.237552234088954,-0.067741848601252,1388
-0.239976071587817,-0.0757475272934362,1389
-0.241895378504738,-0.0855411535081919,1390
-0.243378460730086,-0.0906977803801315,1391
-0.244470752529529,-0.102590011683718,1392
-0.242600818730634,-0.0870273040323788,1393
-0.241563380010745,-0.0806998567814123,1394
-0.238097383599368,-0.0665390600976386,1395
-0.240257470490887,-0.0765986384014405,1396
-0.241438306232339,-0.0796002949910159,1397
-0.242076542349075,-0.0827300361608632,1398
-0.241860238817857,-0.0822873866907224,1399
-0.242191850886135,-0.0874886086447122,1400
-0.238376441628138,-0.0683971796036127,1401
-0.236408035388933,-0.064799198056032,1402
-0.236185901036636,-0.0649320374564429,1403
-0.234993743038554,-0.0649154855229752,1404
-0.231580858837691,-0.0580246960660061,1405
-0.22108519496323,-0.0312845798731707,1406
-0.229466853711953,-0.0642274924968609,1407
-0.232570629444046,-0.0767515066898515,1408
-0.225481685262014,-0.0507771609370062,1409
-0.234793567607363,-0.0804219454114002,1410
-0.233402106913366,-0.0715735024828793,1411
-0.234240570760873,-0.0751476403474787,1412
-0.234698923186737,-0.0792881025514298,1413
-0.238107162453881,-0.0818097244268086,1414
-0.235865523310009,-0.07561871945621,1415
-0.234513341357322,-0.0779993598203674,1416
-0.234253117012508,-0.077994890018815,1417
-0.232297794463646,-0.0699559012343028,1418
-0.233148512105986,-0.069025779366108,1419
-0.235784903890558,-0.0794659953603912,1420
-0.23643081983312,-0.0855349866091475,1421
-0.237207161476877,-0.0923938631918257,1422
-0.234939663376859,-0.0813226908837305,1423
-0.235477344874674,-0.0829755389132695,1424
-0.232547519605034,-0.0727284382471301,1425
-0.231961776711641,-0.0695670416811084,1426
-0.232953623054005,-0.0740592066831956,1427
-0.233772709451397,-0.0745424141834998,1428
-0.23302355007113,-0.0727885357318912,1429
-0.234193636013711,-0.0744745765325752,1430
-0.230784180870662,-0.0627606029817344,1431
-0.231812427251607,-0.0658176620637334,1432
-0.232023398165496,-0.0697612613303962,1433
-0.235692243430178,-0.0829836662811986,1434
-0.236253687528936,-0.0896777971826072,1435
-0.236825080157138,-0.0867634033373026,1436
-0.236198902290726,-0.08635811641076,1437
-0.234153387098659,-0.0834088900727361,1438
-0.235997935629921,-0.0893186809506772,1439
-0.234007001750578,-0.0801738866729728,1440
-0.23344775855657,-0.0786071843956353,1441
-0.233712109995045,-0.0795453118442946,1442
-0.233419131437512,-0.0704951305162869,1443
-0.237739850834213,-0.0955363436690091,1444
-0.236074391073808,-0.079245382784268,1445
-0.235200335953213,-0.0800811846832814,1446
-0.23383735214545,-0.0784822004018979,1447
-0.234831718831099,-0.082848256959979,1448
-0.235330586512681,-0.0830947225355583,1449
-0.23329745199631,-0.0748558647226891,1450
-0.23377440786045,-0.0758252993829186,1451
-0.235813603670397,-0.0931821836504314,1452
-0.235107783741351,-0.0882140307266627,1453
-0.227394900702545,-0.0543852646124086,1454
-0.230781136858214,-0.0667392710248277,1455
-0.235839368348319,-0.0919859604920288,1456
-0.23459556379047,-0.0837031335864703,1457
-0.229503778010846,-0.0630422911830294,1458
-0.231959647127288,-0.0677424138017211,1459
-0.235071515526988,-0.0805290459808488,1460
-0.233752239475441,-0.07709823557097,1461
-0.233961898713589,-0.0776625050733653,1462
-0.233621396419145,-0.0780166430361985,1463
-0.234964369967606,-0.0875631992309589,1464
-0.234377542361135,-0.0820321254345044,1465
-0.234614148936896,-0.082102530981758,1466
-0.227847654178408,-0.0566029871327289,1467
-0.23367149542219,-0.0788117660402696,1468
-0.233730106848383,-0.0809662419092704,1469
-0.229380525144422,-0.0611787404528559,1470
-0.231792575096412,-0.0716881680781788,1471
-0.231935681235379,-0.0712325676873128,1472
-0.233570093024362,-0.0760343933929956,1473
-0.230248133335132,-0.0595866630366654,1474
-0.234289299586929,-0.0687409452976543,1475
-0.227236734325711,-0.0509205584396535,1476
-0.227063449804265,-0.0514916860690235,1477
-0.21139979816896,-0.00941207437232973,1478
-0.22475640602361,-0.0462456865321297,1479
-0.232108002974104,-0.0679304576966242,1480
-0.236123459318287,-0.088587594529612,1481
-0.23512239953617,-0.0854614900685007,1482
-0.233515329806581,-0.0781043505511308,1483
-0.234683678644928,-0.0833049935476897,1484
-0.233022066886586,-0.0763573626888927,1485
-0.231217792079222,-0.067776693793588,1486
-0.231613978257178,-0.0714906477996083,1487
-0.231030814506014,-0.0678359697393437,1488
-0.23627138316214,-0.0952935589943637,1489
-0.231152846898787,-0.0688490378911693,1490
-0.231064914965544,-0.0679831610236504,1491
-0.231993766421579,-0.0722471098095645,1492
-0.235243812904369,-0.0850032038493401,1493
-0.236238177557417,-0.0889967158207941,1494
-0.234217933003048,-0.0794495287643917,1495
-0.23486132473569,-0.0837224299948165,1496
-0.233843713701884,-0.0808924928973494,1497
-0.232587582282344,-0.0753569620584805,1498
-0.233015449090382,-0.0756941620257088,1499
-0.234703583955044,-0.0843027271426108,1500
-0.233739977501528,-0.0788910449449355,1501
-0.232761196949246,-0.0744609124430462,1502
-0.232968456183949,-0.0750127074832762,1503
-0.234785590253174,-0.0784887806409343,1504
-0.236851197914682,-0.0868594719705287,1505
-0.235368425355154,-0.0797362131507549,1506
-0.231969110000192,-0.068153907985689,1507
-0.232354154980056,-0.0707015570960194,1508
-0.234132247076202,-0.0790691614453882,1509
-0.232318383273402,-0.0710541563572451,1510
-0.233150020698527,-0.0751103791109121,1511
-0.233607435006563,-0.0772517893857352,1512
-0.234009490462332,-0.0760505236345144,1513
-0.233626172410718,-0.0724268599831984,1514
-0.236631742922704,-0.0854292869496779,1515
-0.235850354787541,-0.0883079345665997,1516
-0.237234585468418,-0.0901575904067211,1517
-0.236819254493891,-0.098412910120236,1518
-0.235651916057786,-0.0934976505285033,1519
-0.230650097049114,-0.0684737216417372,1520
-0.208926409959462,-0.0084943994802816,1521
-0.231950654806329,-0.0756806768587861,1522
-0.233160735466589,-0.0773788814778374,1523
-0.23558466503385,-0.0887376510929651,1524
-0.23090500101865,-0.0675654539089222,1525
-0.227464872217847,-0.0529532432505129,1526
-0.234825099851606,-0.0827166587453379,1527
-0.237842166571832,-0.104839275190737,1528
-0.235330665103138,-0.0913558846572022,1529
-0.235092405298036,-0.0930443697578466,1530
-0.235441032050411,-0.0934516489815392,1531
-0.235908781979673,-0.0925265785524337,1532
-0.235911207190482,-0.0900641909235776,1533
-0.235274645326229,-0.0861589344327652,1534
-0.236134613175364,-0.0960412674715665,1535
-0.23558949574011,-0.0907484973686608,1536
-0.235677654075915,-0.0899620169147894,1537
-0.234155734481837,-0.0832148320996312,1538
-0.234873680436525,-0.0854910566622847,1539
-0.233939264202889,-0.0795720581069615,1540
-0.236032502177552,-0.0919891075877376,1541
-0.235524422639081,-0.0869888562867075,1542
-0.235887560120496,-0.0936126781617706,1543
-0.234563347670272,-0.0889760969049838,1544
-0.239651317372867,-0.0824902340302482,1545
-0.241068564244691,-0.0857176068580153,1546
-0.240905053873697,-0.0822356018270052,1547
-0.241171656957393,-0.0874560972085384,1548
-0.241898592124998,-0.0956051479885396,1549
-0.24199616548583,-0.096492978346539,1550
-0.241100875208337,-0.0899346648763228,1551
-0.241590839011101,-0.0934416509039687,1552
-0.241327672061191,-0.0922568175828661,1553
-0.239874776287839,-0.080609578086819,1554
-0.240148342877525,-0.0864017698360314,1555
-0.240970032773322,-0.0886669781772836,1556
-0.240658347023879,-0.0860882395835956,1557
-0.241709842644773,-0.0858464010409269,1558
-0.240972474404637,-0.0843670515826057,1559
-0.241238855928309,-0.0884566420780717,1560
-0.234986838588414,-0.0640611128742182,1561
-0.240080711789,-0.0819784205785732,1562
-0.240922207319657,-0.0821517881419242,1563
-0.241106695743551,-0.0869667891427346,1564
-0.241224540946406,-0.0859893567374851,1565
-0.244059262703626,-0.0988511793442946,1566
-0.240492607535408,-0.0827805105324317,1567
-0.238210588897187,-0.0756882514605593,1568
-0.237639442885424,-0.0715272428575588,1569
-0.241236426432438,-0.081754119628362,1570
-0.23982285933764,-0.0754462073234686,1571
-0.24021457550986,-0.0817853791238327,1572
-0.23927374681342,-0.0819454651591997,1573
-0.240587251963977,-0.0861129911091306,1574
-0.24168789076947,-0.0916467632500576,1575
-0.23997516478116,-0.0826877219142971,1576
-0.241493529919534,-0.0926184627378808,1577
-0.242199833512616,-0.0919848207289375,1578
-0.24315293292611,-0.0998441320941888,1579
-0.242791871689104,-0.097888945784193,1580
-0.241659403960362,-0.0921393899558956,1581
-0.241299044194829,-0.0870278482319276,1582
-0.242749502753051,-0.0897239612040641,1583
-0.243217948801202,-0.0938807788618836,1584
-0.239922436993082,-0.0790870505627562,1585
-0.240723349027065,-0.0869946856030063,1586
-0.241539385083781,-0.0911733500757593,1587
-0.240331925507822,-0.0851762344092983,1588
-0.239925148288085,-0.081234262387969,1589
-0.241011739908439,-0.0864197189160773,1590
-0.241676704491873,-0.0917077520206503,1591
-0.240218024057925,-0.0839376156908353,1592
-0.240461176070275,-0.0855587225028386,1593
-0.240536356332904,-0.0844813525058035,1594
-0.241941251717666,-0.0924875967823387,1595
-0.241246970834259,-0.0884862616816899,1596
-0.241276465348807,-0.0879455196624071,1597
-0.240462588196756,-0.0881251056013032,1598
-0.241200617737375,-0.0928948012569328,1599
-0.240893064592066,-0.0907126239675183,1600
-0.238357930164445,-0.0773557642645592,1601
-0.238696614590605,-0.0800513595505025,1602
-0.239315123334496,-0.0811598940284632,1603
-0.237722100959063,-0.0736487122606765,1604
-0.240745822096874,-0.0773510076969769,1605
-0.241797991631357,-0.0888268498241276,1606
-0.240884715146574,-0.0907488148555526,1607
-0.23992565943293,-0.084629140977002,1608
-0.240005073065582,-0.085502218661295,1609
-0.238814882856121,-0.0788546370796378,1610
-0.238994701013072,-0.0726297071341323,1611
-0.242970106470633,-0.0916584412887502,1612
-0.241369133126751,-0.0887090636576997,1613
-0.241118292740702,-0.0888690416691489,1614
-0.245549407481602,-0.0741603926832937,1615
-0.245906287702983,-0.0795982850419892,1616
-0.246752042216586,-0.0787752337261822,1617
-0.244136493075088,-0.0686218001580983,1618
-0.243952790232963,-0.0710615958814702,1619
-0.245709008636733,-0.0777809663830824,1620
-0.240692733061493,-0.0570571523133083,1621
-0.245947474403731,-0.0836585458835966,1622
-0.246007702573631,-0.0846582994043984,1623
-0.246276822261869,-0.0868293706905104,1624
-0.243181245140718,-0.0689135854470175,1625
-0.244801790922336,-0.0784203933741823,1626
-0.244619819719799,-0.0790682154800319,1627
-0.246119184480975,-0.0827584304910536,1628
-0.237662703768883,-0.048609627362986,1629
-0.241908388528273,-0.0663199638045263,1630
-0.242686452760339,-0.0691904161104903,1631
-0.244258282839473,-0.0746981915005848,1632
-0.245618696678126,-0.0801063316398235,1633
-0.242928620998165,-0.0699144888693327,1634
-0.243644538221644,-0.0715762167039399,1635
-0.243337999387656,-0.0679772962325323,1636
-0.246265538019084,-0.0845249690234711,1637
-0.241306496969696,-0.0626228458666105,1638
-0.247919734733109,-0.10159906823908,1639
-0.246354147798161,-0.0884105923846716,1640
-0.243626083009971,-0.0688744039461194,1641
-0.245201891923183,-0.0799874679558626,1642
-0.243646105064485,-0.0713984869203158,1643
-0.243789631601893,-0.0730734542612472,1644
-0.252115848933804,-0.078151476902235,1645
-0.249559741007591,-0.0851006317365346,1646
-0.246554905486259,-0.0819332716175543,1647
-0.247622469119578,-0.0974878201079593,1648
-0.248513410892896,-0.088671072960433,1649
-0.245958648241532,-0.0768746534189746,1650
-0.246484770859483,-0.0848497604478359,1651
-0.245101518243085,-0.0799065284435478,1652
-0.246104259915061,-0.0892725410965551,1653
-0.246576576996223,-0.0921406568219176,1654
-0.24507211181632,-0.0813510613172263,1655
-0.245124500735516,-0.0828484917793524,1656
-0.243704502467408,-0.0767361188617077,1657
-0.245234739476618,-0.0825809542001654,1658
-0.247550517962433,-0.081542863354469,1659
-0.245768017288472,-0.0747091970924242,1660
0.424921264367239,-0.194631972723846,1661
0.51650723242805,-0.188376335154605,1662
0.538073815922641,-0.182983141357707,1663
0.551982529553795,-0.182800059428253,1664
0.56069245397719,-0.176317902250495,1665
0.564448678112613,-0.169508271015912,1666
0.568511870950805,-0.171996496475573,1667
0.569674718968068,-0.177110951584969,1668
0.576590688765965,-0.179465634134121,1669
0.575864749804056,-0.177358147646788,1670
0.572310552080742,-0.182636004572606,1671
0.571521733518384,-0.178579058392977,1672
0.567349911034853,-0.176884980562532,1673
0.572515076098744,-0.181265425619683,1674
0.580996515542804,-0.182947815191264,1675
0.583598050085475,-0.181268363307862,1676
0.583164857177485,-0.176028157357979,1677
0.583126216805351,-0.176038217327724,1678
0.583391301693151,-0.180385968701126,1679
0.580874573874886,-0.188765484679851,1680
0.583398497641727,-0.17953582058436,1681
0.584773824291885,-0.180398720786608,1682
0.583999959456383,-0.182908068551891,1683
0.590454178514276,-0.182947005128784,1684
0.587306175269372,-0.175600340769264,1685
0.586563920048126,-0.183581667225503,1686
0.584071193148149,-0.188365329633414,1687
0.579821023658923,-0.185869953681587,1688
0.579292713600797,-0.182080719204224,1689
0.579572677413836,-0.183763574808622,1690
0.581889537913185,-0.183986667593121,1691
0.585984110737819,-0.179359955166045,1692
0.58522342623798,-0.178656636812452,1693
0.584998575872198,-0.179476914980926,1694
0.582854172602374,-0.180984816654003,1695
0.581691820599163,-0.177771488555658,1696
0.579215333663173,-0.187346759352489,1697
0.585793235786106,-0.198052274169478,1698
0.585350236351399,-0.199278686326915,1699
0.583956274577044,-0.202925416438275,1700
0.594108310120204,-0.19171120910416,1701
0.595275115714145,-0.186911705465024,1702
0.603744082164692,-0.181502610799885,1703
0.609295935591082,-0.167746847487235,1704
0.609090469111433,-0.166945348259631,1705
0.608066349416342,-0.170432725814697,1706
0.613101721908161,-0.157993288844351,1707
0.612429092915361,-0.15200351539074,1708
0.611061563090621,-0.155503549904931,1709
0.610551026971454,-0.156962809971614,1710
0.610317706328233,-0.161007585028553,1711
0.604977849849589,-0.163026721732043,1712
0.606015066351842,-0.158156709834714,1713
0.610470248258092,-0.155484316964006,1714
0.609109955963962,-0.162056436974337,1715
0.609662760733677,-0.162826953992632,1716
0.608407627781536,-0.159108535949783,1717
0.614064681765763,-0.155939765255727,1718
0.617880218516614,-0.147381874383124,1719
0.618291831774316,-0.143018915169267,1720
0.621181412084485,-0.139889894810536,1721
0.617093366355465,-0.167803813668724,1722
0.615805873620294,-0.17512113653494,1723
0.617497571806023,-0.169262022576934,1724
0.621948087475063,-0.164151602034734,1725
0.605320621643167,-0.144061851390654,1726
0.615998977617503,-0.160791480493349,1727
0.613930857558802,-0.169059591104261,1728
0.623185032040638,-0.179698579278632,1729
0.620764922642234,-0.182954021124843,1730
0.622449458948023,-0.176722112688138,1731
0.614883951493731,-0.176719127246272,1732
0.62071267229177,-0.171209987118692,1733
0.630283209987998,-0.186479281658994,1734
0.635845146836204,-0.176811105185332,1735
0.638642699232322,-0.180382766245854,1736
0.640046621560398,-0.168687044627933,1737
0.634466300279466,-0.174135104728595,1738
0.637327474740707,-0.172834862873174,1739
0.629688242271491,-0.184035876976505,1740
0.633857891730875,-0.177673105309155,1741
0.634620491533776,-0.183187828686285,1742
0.636094164463451,-0.183224853938748,1743
0.635541937257457,-0.187167515583978,1744
0.642266050348519,-0.190619531630401,1745
0.642236432232772,-0.187427674284841,1746
0.64232398255587,-0.180299382563813,1747
0.643399653699858,-0.17374323281629,1748
0.644973250079502,-0.172879381604197,1749
0.64413943743177,-0.177113118880284,1750
0.644274934251884,-0.177005952587672,1751
0.646096321881408,-0.170609954103985,1752
0.645051840346608,-0.169692941349348,1753
0.644099053392524,-0.169802276467635,1754
0.644340699179457,-0.175171333199469,1755
0.645453849139007,-0.170669875844627,1756
0.641925178462868,-0.176207154985875,1757
0.646730644343479,-0.173041877743829,1758
0.640662165797863,-0.182341819092662,1759
0.644435934814193,-0.173243303045472,1760
0.65127149969354,-0.160580321383815,1761
0.650507756539617,-0.160834547296313,1762
0.648465392825038,-0.1605133051826,1763
0.647370165952581,-0.164333776279094,1764
0.649063717677819,-0.156476392448547,1765
0.648394109333587,-0.166037711653317,1766
0.650707965553256,-0.161923502872967,1767
0.64699964436882,-0.166246505272758,1768
0.645892324375622,-0.167752844812921,1769
0.646813967602175,-0.158874355076399,1770
0.647726512673652,-0.160551394334693,1771
0.647325154965016,-0.163455741543503,1772
0.647423504546504,-0.165719142613505,1773
0.647699144927127,-0.167642792182781,1774
0.646527933732409,-0.169002327487328,1775
0.649517168912797,-0.159009014139791,1776
0.648021757100317,-0.164293845795547,1777
0.647608388251684,-0.170089840512928,1778
0.646189651434221,-0.170182340861565,1779
0.643820497990684,-0.172672164086902,1780
0.645007575404303,-0.17053212727757,1781
0.64514985581348,-0.169307993566787,1782
0.642921780190063,-0.171864605985189,1783
0.644496742126761,-0.171219320585555,1784
0.644021310547724,-0.168053103165686,1785
0.642239179170783,-0.171997691868987,1786
0.640181947854877,-0.173705846439698,1787
0.640189851417288,-0.174006230218182,1788
0.63754498427048,-0.179733589313007,1789
0.638256675156505,-0.175555801985118,1790
0.635337100766438,-0.174241113769669,1791
0.635482126418203,-0.173481016317619,1792
0.63566038889779,-0.173615997496276,1793
0.635126321476164,-0.176176668331915,1794
0.63227954489567,-0.179123060594455,1795
0.633116883477986,-0.178098305677811,1796
0.632272989155204,-0.181152114116105,1797
0.624370291702779,-0.18635345895797,1798
0.631587579323498,-0.188435057997538,1799
0.634331827344419,-0.183986818666116,1800
0.634095066049982,-0.190584258061859,1801
0.633852063418745,-0.170239889059331,1802
0.63007479610715,-0.164884020564274,1803
0.631004528743135,-0.160651331121682,1804
0.633194396807923,-0.157198979388214,1805
0.634046249160965,-0.160091765435912,1806
0.633982652888879,-0.160801781651029,1807
0.633312464509341,-0.162356880492963,1808
0.635804164975984,-0.15797383594245,1809
0.635382419646549,-0.159586568381925,1810
0.634950979537672,-0.161781691380551,1811
0.634828852032912,-0.16208014669112,1812
0.634828043408343,-0.161319212814593,1813
0.628218686700117,-0.167475085412085,1814
0.630123499722217,-0.161467362869543,1815
0.634953019359202,-0.153510537365747,1816
0.633005368622321,-0.154813807000811,1817
0.633431842274623,-0.155405587928901,1818
0.634637082773594,-0.150033606554758,1819
0.635280868619082,-0.146048841594542,1820
0.634652055993252,-0.149965474591561,1821
0.634303958258062,-0.151457952249279,1822
0.635840853947001,-0.148239926885317,1823
0.636664860508545,-0.147787881704879,1824
0.63466482944332,-0.150467107951006,1825
0.632532796244808,-0.160836326772724,1826
0.634062320488725,-0.159941401872057,1827
0.636255496374267,-0.152578584754587,1828
0.632627486571827,-0.158696984900909,1829
0.63350506736849,-0.157948209886702,1830
0.63564948796663,-0.147524518589699,1831
0.638054040194517,-0.148567628921401,1832
0.636032238690437,-0.151073732645752,1833
0.634684752874738,-0.155550093950572,1834
0.635267684079785,-0.153498132571436,1835
0.632513641500313,-0.152509441954042,1836
0.632128853468832,-0.145808608676395,1837
0.635336863298351,-0.139845220341782,1838
0.637208255545146,-0.13964000743764,1839
0.638493620758728,-0.135929085855241,1840
0.637379755980399,-0.138352217758644,1841
0.638577891124186,-0.136123994050306,1842
0.637193606857238,-0.135600509589395,1843
0.64116587829777,-0.12729600121714,1844
0.640968561481974,-0.132354633453589,1845
0.639408628068841,-0.142407702204915,1846
0.639386047059792,-0.138799576426433,1847
0.638905582231024,-0.141160585109836,1848
0.63886490321628,-0.145363488660107,1849
0.639137932852985,-0.152769786986879,1850
0.639108016248879,-0.153803657849581,1851
0.639602671836157,-0.156561089907043,1852
0.639180315033147,-0.15534677105589,1853
0.638144415319939,-0.15418242391443,1854
0.640090375855072,-0.153040870048925,1855
0.639466923308706,-0.156207082629795,1856
0.637892471630846,-0.154276041942456,1857
0.641085184478623,-0.146823760498315,1858
0.638908906403277,-0.151525998867272,1859
0.636837637727277,-0.153019885737093,1860
0.632930600255686,-0.152603430074061,1861
0.635003143176814,-0.149198191981845,1862
0.638810694927686,-0.147806053514297,1863
0.639003124564745,-0.147146460251556,1864
0.637981361117338,-0.154620227289949,1865
0.634758105454958,-0.160224146758822,1866
0.637715188613341,-0.153213820831054,1867
0.638729877098264,-0.143626626636281,1868
0.636271511261112,-0.14264389085196,1869
0.63838558177137,-0.144219571845269,1870
0.631214150615415,-0.154323804396388,1871
0.634977606500805,-0.15023334019686,1872
0.63924472745439,-0.141638277687839,1873
0.638093545865124,-0.141297534120538,1874
0.637978637019167,-0.139974904899659,1875
0.637005190836254,-0.144593419775893,1876
0.637442205890303,-0.137685952538198,1877
0.637920510691122,-0.133252564517372,1878
0.639023683435713,-0.126490607734228,1879
0.640004910113508,-0.116042571731447,1880
0.640633695677544,-0.116844843670827,1881
0.640241880868692,-0.107688588558786,1882
0.639973875445604,-0.106389333518384,1883
0.63939331746403,-0.107644341753412,1884
0.639070278539397,-0.102775010099269,1885
0.640475600268406,-0.107013626919962,1886
0.637600267118765,-0.104938998388386,1887
0.637775731489854,-0.104344526774819,1888
0.638517605660984,-0.102998638491521,1889
0.62724314541455,-0.11111075127964,1890
0.631357151772341,-0.115704598782059,1891
0.635886119478709,-0.113753371490399,1892
0.64010650827698,-0.107188587186191,1893
0.641927704634629,-0.104845856467358,1894
0.635891310874061,-0.108357563022057,1895
0.64002656754127,-0.103018079027079,1896
0.639787259008598,-0.102962397853396,1897
0.640514021214011,-0.100276190478287,1898
0.639071026145169,-0.104058289188163,1899
0.641736209300573,-0.0992452722992511,1900
0.643191548787828,-0.0978075183446651,1901
0.644682847134557,-0.0958430934406218,1902
0.643954145735133,-0.09890726230383,1903
0.644783046267762,-0.0935882555178343,1904
0.645670843432226,-0.0974011726078796,1905
0.642659041621449,-0.115618554511349,1906
0.644244093156784,-0.109742466474936,1907
0.64185709472692,-0.107544535480695,1908
0.641696553439285,-0.099995659729724,1909
0.642692601154901,-0.0927545047447087,1910
0.644874365388089,-0.0936303384181418,1911
0.643565360646866,-0.0909048071521287,1912
0.645134428585006,-0.0922367399146021,1913
0.643801068856993,-0.107835741650225,1914
0.641595820955612,-0.109274598879819,1915
0.642703577602585,-0.110596335888622,1916
0.643484045872307,-0.111799944253361,1917
0.645904539331194,-0.107399256881802,1918
0.646029793854491,-0.104241621371171,1919
0.644746665003688,-0.108643089334813,1920
0.644525933313816,-0.106959999672034,1921
0.64351483888823,-0.108963367919184,1922
0.645309083409493,-0.104641762847534,1923
0.646695167464675,-0.0949166444257685,1924
0.641244532160229,-0.0987450246265602,1925
0.645204303982104,-0.0974237965673017,1926
0.643857988283154,-0.102444978223893,1927
0.642417149994524,-0.108736737532621,1928
0.634794196691226,-0.116347068688525,1929
0.641556103929242,-0.110094834146798,1930
0.643656681609119,-0.109331755003272,1931
0.643276827217447,-0.108957488006515,1932
0.645051063324192,-0.109921816644688,1933
0.646910084058508,-0.102825656155931,1934
0.645267766486891,-0.0973310743913457,1935
0.649441636874591,-0.093460394847142,1936
0.649456583897927,-0.0975964163905294,1937
0.65093138330533,-0.0938246894570281,1938
0.648078511803034,-0.0963982579893931,1939
0.649090949420328,-0.10000899025303,1940
0.648254203429318,-0.0941530611035915,1941
0.650599533227357,-0.0946024895335647,1942
0.648313156987925,-0.0988421448391134,1943
0.644653107491918,-0.108097056785087,1944
0.647208470017566,-0.10316488520238,1945
0.647397333272839,-0.100974136613705,1946
0.650313518113735,-0.0941913862395876,1947
0.64338325822381,-0.10595279535099,1948
0.647271222168786,-0.103485770511563,1949
0.647104776525463,-0.10471344551006,1950
0.64697264021431,-0.100367148815954,1951
0.642052971913601,-0.10687682406714,1952
0.641950361481912,-0.108095025695121,1953
0.644288630959725,-0.108022425342829,1954
0.643869503177039,-0.108704301430772,1955
0.644527120137928,-0.106019735493636,1956
0.643993778089076,-0.106185862305147,1957
0.643972092238835,-0.109166479745904,1958
0.647730601848949,-0.10667569575308,1959
0.649934029925732,-0.103606888971778,1960
0.648619462448115,-0.10263705945857,1961
0.647509974314637,-0.105413474279249,1962
0.645998088918665,-0.108325633156467,1963
0.646034316744888,-0.109536174157333,1964
0.645244477256439,-0.114999837408978,1965
0.644739624537981,-0.113858623055865,1966
0.644636580771009,-0.115754906886936,1967
0.638673166873614,-0.12023469055298,1968
0.643755921130986,-0.117271985122323,1969
0.641749610924324,-0.119570574075838,1970
0.6450547627349,-0.113211340408004,1971
0.644572133901697,-0.113627955029319,1972
0.643062833033951,-0.114330136445873,1973
0.64375454732213,-0.117980361224817,1974
0.643605317332513,-0.114376392574472,1975
0.641165834046815,-0.114809667647124,1976
0.641552543002104,-0.115070174794026,1977
0.644014272107546,-0.115525090379191,1978
0.643454453300273,-0.112172462817784,1979
0.642785309566067,-0.113302704462806,1980
0.644712169024505,-0.1119636049826,1981
0.644631256661974,-0.110866802265178,1982
0.644917970317741,-0.109074667510373,1983
0.644290320917826,-0.110762199582282,1984
0.644391907963965,-0.110299277448136,1985
0.642413367079394,-0.11239648021406,1986
0.641585636270359,-0.108053897783144,1987
0.643287411949605,-0.104874933089221,1988
0.643465295469936,-0.092436586618397,1989
0.640502816380489,-0.0826710992951812,1990
0.641121584123119,-0.0926203526623769,1991
0.638840438865834,-0.0919614002173184,1992
0.639941714603321,-0.0963834055724986,1993
0.638277178224189,-0.0946383378850458,1994
0.63615415884194,-0.0996349819478565,1995
0.633158516358201,-0.0976894189861733,1996
0.635146220116744,-0.0962107339091437,1997
0.63453293842055,-0.106554620967303,1998
0.628147433396809,-0.109828400527442,1999
0.631672914285327,-0.112243717480232,2000
0.634203160413502,-0.103488120840658,2001
0.633958859505909,-0.105001263508851,2002
0.633890734918716,-0.107362486133674,2003
0.630573336921806,-0.101365093813829,2004
0.637865882391414,-0.09723634103887,2005
0.634997868125947,-0.0973873712319303,2006
0.637517460404387,-0.097429936534695,2007
0.638541312347417,-0.0936704797236745,2008
0.637380078557066,-0.0967156068991382,2009
0.638861208016476,-0.0936310315450035,2010
0.637599378516274,-0.0965740308690145,2011
0.639339989591157,-0.0897078193009795,2012
0.638184945587251,-0.0897525339565476,2013
0.640725990234065,-0.0854282939157089,2014
0.640650300729639,-0.0966716488156966,2015
0.63951902044963,-0.100520033763323,2016
0.637050898182641,-0.106054001648321,2017
0.637052146620581,-0.103813025656552,2018
0.639250954236419,-0.0984051744780754,2019
0.641796896016906,-0.0977489092355767,2020
0.639222059793149,-0.0996183735613128,2021
0.639178559349635,-0.0958863376782196,2022
0.638502891767634,-0.0895255542258196,2023
0.639173689413072,-0.089843573179396,2024
0.64142590357913,-0.0916206505115431,2025
0.643384515920669,-0.0911388657578904,2026
0.640523502541174,-0.0911638384611392,2027
0.643358341384842,-0.0898767750079989,2028
0.644490256958674,-0.0957557543507881,2029
0.642938044131497,-0.0990391557031443,2030
0.645456701274579,-0.106376288119429,2031
0.645110841682523,-0.0965496412290335,2032
0.647296152464163,-0.0893425774850026,2033
0.644162182502511,-0.0918532780936434,2034
0.641585955413734,-0.094352108298126,2035
0.629570105933047,-0.0680226269362879,2036
0.632543689494938,-0.0645820008837257,2037
0.638468391745535,-0.0752151546364879,2038
0.640499763029567,-0.0832667873741346,2039
0.6408477994492,-0.0731085032900948,2040
0.639512880334072,-0.0666803089786978,2041
0.637181098409111,-0.0587205231511413,2042
0.629947145738155,-0.0437332104031905,2043
0.623009266402979,-0.0217171757561448,2044
0.62247315805387,-0.0324181614144367,2045
0.624821391914067,-0.0357315609562278,2046
0.628695319849207,-0.0430687375810143,2047
0.626684900657188,-0.0467100323997195,2048
0.624962120896245,-0.0503681965716095,2049
0.629191890258552,-0.0559432243618235,2050
0.624746744413337,-0.0512973050717418,2051
0.620258600153117,-0.0396257625228325,2052
0.61785544775625,-0.0423619915090695,2053
0.61817272483545,-0.0393642892754648,2054
0.619836182521106,-0.0455979782608785,2055
0.622322257073346,-0.0462125435314568,2056
0.622280955313439,-0.0394130420519853,2057
0.627936642463488,-0.0460622009899464,2058
0.621941348609707,-0.0303564537516797,2059
0.617947931220073,-0.0215630286364889,2060
0.620173707172843,-0.0262639820915203,2061
0.619564616350241,-0.0220563541397032,2062
0.621854070438163,-0.0335768390240621,2063
0.623695224768241,-0.0420196417756538,2064
0.623647354470536,-0.0370819658342493,2065
0.624435332513481,-0.0379480661582198,2066
0.625042655537542,-0.0477531825527471,2067
0.62461275368048,-0.0375635600978607,2068
0.626110053590839,-0.0331610029746405,2069
0.625784467842497,-0.0257915557515398,2070
0.623015972516475,-0.036318334622004,2071
0.62541815272809,-0.0430919725812558,2072
0.625501018581432,-0.043090748274335,2073
0.629030730717959,-0.0503779025989706,2074
0.629915241430148,-0.034601666155988,2075
0.621393013600305,-0.0342613957133258,2076
0.629151165099945,-0.0439872992061566,2077
0.62693236148261,-0.0415157356033972,2078
0.616814259436886,-0.0286193962081267,2079
0.623715411468438,-0.0349945519964907,2080
0.624895044701278,-0.035772574880075,2081
0.62440458171714,-0.045457593398515,2082
0.626226217635521,-0.0388903412546755,2083
0.626365513302321,-0.0295126949404115,2084
0.625318570027845,-0.0296273135204478,2085
0.624596786556678,-0.031978914351766,2086
0.62780101897151,-0.0393989472865067,2087
0.62741508761417,-0.0373214067773585,2088
0.625800698995127,-0.0291416158116103,2089
0.627788330125731,-0.0301958916956052,2090
0.626532018157654,-0.0293498943463904,2091
0.62552786456331,-0.0118510757802217,2092
0.623313137223751,-0.01538478126726,2093
0.619511679981592,-0.0180961661859273,2094
0.616182136854474,-0.0154017721499472,2095
0.618425138003039,-0.0165724856788391,2096
0.620451928851172,-0.0109304212317719,2097
0.620233634809819,0.00649871569295906,2098
0.625375517711384,0.00734886434805223,2099
0.627377670138082,0.00736299426726884,2100
0.635742193557083,-0.00776537165398695,2101
0.623219665354953,0.0109954550898825,2102
0.626330412255768,0.00784521306547611,2103
0.625953478347948,0.0174926956199286,2104
0.621649332918324,0.02874861166844,2105
0.61769905837645,0.0239193771696204,2106
0.618620867246324,0.0283236230375335,2107
0.622606031574564,0.0204565945997593,2108
0.620627438966376,0.023780085259908,2109
0.621120417159618,0.0227762571299934,2110
0.622573419791296,0.0238698186195999,2111
0.620669926556234,0.024379049889819,2112
0.625934090110255,0.0286745523560336,2113
0.620023894007393,0.037795593237741,2114
0.613451344598241,0.0386946327142252,2115
0.611840024640976,0.0399614054216251,2116
0.614647187879143,0.0410310266469512,2117
0.613029612967544,0.0398103814756791,2118
0.622829676756318,0.022182357423574,2119
0.626472208652667,0.0243899539689989,2120
0.627255106312319,0.0234143414278628,2121
0.621369726154267,0.0357320149461977,2122
0.62187515664241,0.0333730404655781,2123
0.622945801090571,0.03120105575203,2124
0.620316406940889,0.0255590607760426,2125
0.622462685696017,0.0337247503719572,2126
0.621080370029628,0.0449164555487548,2127
0.62144068738712,0.0381230067788873,2128
0.621936863691776,0.0299222057567043,2129
0.614784421163369,0.0399366660455874,2130
0.617179587952218,0.0461348038641292,2131
0.622280561079778,0.0468201682123952,2132
0.619358881825301,0.0519714510472968,2133
0.621036024667464,0.0466634446366054,2134
0.613266523419425,0.0499291929814349,2135
0.616002899867503,0.0484606154495422,2136
0.622013371771736,0.0452766112254169,2137
0.622693349510177,0.0425231757770296,2138
0.623002771763759,0.0387776043732725,2139
0.621267653785509,0.0439122185799144,2140
0.620599613731396,0.0391178357392816,2141
0.622363197199685,0.0321117065095026,2142
0.623840960504842,0.0379540409858741,2143
0.626128891879169,0.0293990431629331,2144
0.619570668053084,0.0330150315843704,2145
0.617166530699009,0.039639298567898,2146
0.614761478229593,0.0431854289516244,2147
0.621240395664755,0.0287986347491451,2148
0.626130736782227,0.0232827020067043,2149
0.62752452901155,0.0120582939584168,2150
0.625317276610835,0.0233636785181981,2151
0.622337233974062,0.0268939223631892,2152
0.622531747772226,0.0330575356518618,2153
0.628353102806743,0.0301529070629033,2154
0.625620659492818,0.0327647878188886,2155
0.623377932860309,0.0427242016711864,2156
0.625229722106234,0.106879020599405,2157
0.617882750285058,0.149957699295056,2158
0.618886269701168,0.149811377196091,2159
0.619102701723903,0.126573584158974,2160
0.615983283102662,0.145622285020871,2161
0.610079255368728,0.159938601695139,2162
0.612066605706604,0.153604514133375,2163
0.62683309962592,0.108890223026008,2164
0.628148377906084,0.0958315330575601,2165
0.629644273756425,0.0907986823986049,2166
0.627056816961046,0.0794805642758744,2167
0.629236284371776,0.082160458737837,2168
0.629285227123763,0.0813985570035426,2169
0.632908013202244,0.0784851514229734,2170
0.63405034639698,0.0922854826764452,2171
0.632222626226288,0.096686600620565,2172
0.634699363969419,0.0938479049217228,2173
0.632579876439664,0.0897597129158326,2174
0.630811559246479,0.0914084737193825,2175
0.629970569066904,0.0912635811760407,2176
0.630387190908966,0.0954147963376562,2177
0.630464059224569,0.0886044721268578,2178
0.629680273419372,0.0912770334450738,2179
0.632052337411492,0.101176014712638,2180
0.62729993326332,0.103086567332564,2181
0.625478191824211,0.0986570894389893,2182
0.622081434172872,0.104323314951547,2183
0.62554714057312,0.106988808199399,2184
0.630289491226882,0.100914320568613,2185
0.628689919721332,0.102381113083929,2186
0.624670224738614,0.10463808725982,2187
0.623965524806162,0.103778993337451,2188
0.631882752682383,0.103716160474831,2189
0.634191461029175,0.0882978183508314,2190
0.63829114082127,0.0869539216447957,2191
0.634960101991987,0.0879067248778258,2192
0.632011893423465,0.106866028333932,2193
0.622817633660503,0.115005273136889,2194
0.625333632705628,0.111297442913129,2195
0.626921110718459,0.106266765720777,2196
0.627862241873056,0.102583870063533,2197
0.62915556026282,0.106415771913407,2198
0.624476380709567,0.108067720610877,2199
0.629336951077691,0.108608349823173,2200
0.633593347413524,0.0920430847950986,2201
0.632708160265426,0.0955167813152821,2202
0.631981303698836,0.100163105717103,2203
0.630172962645398,0.0998422422479171,2204
0.632738642526888,0.0953863780515087,2205
0.63671727209171,0.0889240449247569,2206
0.634138636087436,0.0913584238441094,2207
0.634361274140637,0.0899605877890658,2208
0.635053561884285,0.0927270058564448,2209
0.633811274288224,0.099784708527148,2210
0.63091240854309,0.101395797378804,2211
0.627425699883958,0.105268924807531,2212
0.624281468761951,0.110749688977949,2213
0.626665928539172,0.11373838402128,2214
0.62799321469018,0.103514238030812,2215
0.630453418374418,0.0907822124944875,2216
0.631336526389725,0.0865976905813346,2217
0.630845189938783,0.0901062850149314,2218
0.629417827367675,0.0949283710212386,2219
0.62241802502667,0.103917297141043,2220
0.626056221269143,0.0989623609027144,2221
0.626000958191449,0.103496952883167,2222
0.627150057155058,0.107860182422742,2223
0.628889192568347,0.111400313354657,2224
0.627879783987013,0.110769978971602,2225
0.630620767811356,0.111741720694535,2226
0.629175686727961,0.11262731617926,2227
0.628867930927648,0.120753826099393,2228
0.631355913069407,0.111929532936813,2229
0.630812108239923,0.100242352449872,2230
0.633200462581231,0.0833697809332949,2231
0.637433494569999,0.109946314300255,2232
0.634406918336468,0.128272278592674,2233
0.634028256659111,0.116780897320746,2234
0.635756296576056,0.111485891402366,2235
0.628544117797419,0.135291069148645,2236
0.631973245154955,0.125964926826887,2237
0.627606170886393,0.145415005292999,2238
0.631127624231541,0.144470990969928,2239
0.633456835832642,0.139622691232446,2240
0.63598859952847,0.12767777385108,2241
0.638646997995987,0.119138515449176,2242
0.638072385418276,0.123229538084721,2243
0.634920856586613,0.130217548898761,2244
0.631446899605886,0.139296747863121,2245
0.629424854586725,0.142441164412456,2246
0.632063642014064,0.133122321155009,2247
0.63473692139524,0.130036726003091,2248
0.632746079177845,0.13634887927556,2249
0.63014539460137,0.135605811474855,2250
0.630938302113008,0.131515247515951,2251
0.629706824872748,0.139878204963284,2252
0.60862082020065,0.154113752859615,2253
0.62097280269131,0.147634409637946,2254
0.631179928668593,0.131838762557639,2255
0.633700834452088,0.13176722954154,2256
0.63678535326641,0.126205639075574,2257
0.6340155420551,0.134927787909535,2258
0.634558704883481,0.129102564189599,2259
0.634262866594244,0.139693193729739,2260
0.632459471665658,0.140350499329278,2261
0.631699459485904,0.142142467150657,2262
0.632957720072208,0.139884946879743,2263
0.631148141661255,0.142205308136697,2264
0.632821553570524,0.137464689242201,2265
0.630834889280943,0.136232616667256,2266
0.631476010146876,0.135729546252363,2267
0.63117556347123,0.13662514912858,2268
0.628315201458898,0.137888348060058,2269
0.628398219763356,0.144588170937825,2270
0.630516196543352,0.140075230616996,2271
0.633239214003596,0.147806020697251,2272
0.629151319261287,0.147961636843725,2273
0.628571714360912,0.147986965404386,2274
0.628473149558799,0.1512100081251,2275
0.629963258504013,0.147404935589465,2276
0.629098341451116,0.150107297396125,2277
0.629665711838417,0.152597644735207,2278
0.62665731755279,0.158028000576151,2279
0.626423213862721,0.14836485160045,2280
0.630554180814653,0.140532975314661,2281
0.630980700497855,0.137110256222676,2282
0.631850871983025,0.130697415851059,2283
0.631173417922125,0.143617533042821,2284
0.630861210927783,0.143604535504406,2285
0.632056377725046,0.127999522426713,2286
0.630322143908592,0.134216340711833,2287
0.626872725936114,0.137051094181023,2288
0.626034893979801,0.148375950343697,2289
0.626420817118305,0.144658540487771,2290
0.62731975136758,0.141663393447361,2291
0.625437800853078,0.137590803314397,2292
0.620993068483803,0.147919493390296,2293
0.623511901065684,0.146221950861785,2294
0.627364943102882,0.120550584147881,2295
0.623063584237483,0.127274779550552,2296
0.60721523564479,0.137182212809668,2297
0.621714387941212,0.130925398938012,2298
0.619864305944972,0.150971010994582,2299
0.622006719373565,0.154748177267281,2300
0.625445500205149,0.149269063448308,2301
0.626258313874805,0.15212752758343,2302
0.625680646216122,0.157101010627251,2303
0.627486053245823,0.15717166660584,2304
0.620280547977008,0.164453289718639,2305
0.628782826049349,0.149901620488859,2306
0.630374968643789,0.146546735808345,2307
0.630086103875399,0.153064121175546,2308
0.630439594205051,0.159624813122654,2309
0.621914363958829,0.16816757460778,2310
0.622750602597,0.16929036578833,2311
0.625392779438153,0.167246254009642,2312
0.626642325033183,0.165170238301838,2313
0.622778330056779,0.169112595000758,2314
0.623879695846678,0.160476863708277,2315
0.625890042204442,0.163352783893288,2316
0.625274128120878,0.161032082943484,2317
0.622194427201649,0.164877327653253,2318
0.625991108503338,0.159903536296634,2319
0.628186504656858,0.159324044078013,2320
0.620839809236333,0.174534107371351,2321
0.619710156717032,0.175011961451036,2322
0.621231231259376,0.165717581675731,2323
0.62258396694234,0.168247202577957,2324
0.622471597921966,0.166881067855574,2325
0.623535061981572,0.164715662606048,2326
0.624164244333632,0.163723176035234,2327
0.624204895432175,0.159555042249569,2328
0.61700766206354,0.176358326006018,2329
0.619556306422031,0.172873799871213,2330
0.624511072930955,0.17020665435173,2331
0.624443521274208,0.173664205861944,2332
0.622304064674688,0.182622216473562,2333
0.625550940265463,0.179060154077247,2334
0.624422698391616,0.178600941497952,2335
0.628008216494024,0.172533703586038,2336
0.626731859182621,0.171508659834968,2337
0.625002590739124,0.177837022334288,2338
0.623875284519739,0.174461481257096,2339
0.62325722135044,0.177974537611738,2340
0.620271580906145,0.180628038581049,2341
0.622483818249734,0.172397899179162,2342
0.625553312368077,0.162534439697097,2343
0.625737349902407,0.17051133814471,2344
0.624167807743279,0.173915325607076,2345
0.627014766901909,0.168518292330946,2346
0.627067234672147,0.160968648471941,2347
0.629764631106646,0.164909575420605,2348
0.6340721687923,0.124744725668217,2349
0.633223525161451,0.133081070843606,2350
0.633039810096332,0.133114543339576,2351
0.633507633722966,0.138602032670037,2352
0.634254447947912,0.14011710862091,2353
0.629926003166619,0.158452087483189,2354
0.627426058449226,0.16902608631061,2355
-0.0824535470601311,0.274157315578892,2356
-0.107153418152132,0.248323347017549,2357
-0.103597748960367,0.252657068432504,2358
-0.0992569485419415,0.259590594295267,2359
-0.115445433193616,0.243390970363857,2360
-0.0735650939597671,0.284886222768103,2361
-0.105177425169524,0.258486661900413,2362
-0.107018231236965,0.254721894111894,2363
-0.120638663724436,0.234146871349626,2364
-0.109962339329747,0.244164899708475,2365
-0.0894904360701428,0.268439917013273,2366
-0.0932196512485752,0.26038658855505,2367
-0.0768275100938316,0.272533201494164,2368
-0.0774512632619763,0.27702445842402,2369
-0.0816308244632082,0.276300301752631,2370
0.0367983910104644,0.346268965330592,2371
0.00661051127548462,0.333751321641094,2372
-0.0188923668501205,0.322049834590841,2373
-0.0380274689086037,0.313329731658029,2374
-0.0888367681166114,0.268954415021209,2375
-0.096618701477248,0.259456072185337,2376
-0.0935418331624338,0.263133660430099,2377
-0.0467897593138184,0.306270170201388,2378
-0.0382912077598208,0.312870526245539,2379
-0.0775031972169117,0.282881273920934,2380
-0.0884937094372194,0.275375493235387,2381
-0.0907857048928756,0.27039239640798,2382
-0.0754676254916076,0.283903666531169,2383
-0.0779765847697673,0.283705094250344,2384
-0.0860270743784553,0.271391211532439,2385
-0.085615267820728,0.26334242180267,2386
-0.0600496512460573,0.290500039619077,2387
-0.0550999431679263,0.292475963402605,2388
-0.0583828127630877,0.29036606812078,2389
-0.0493182014459808,0.300158486861469,2390
0.0653080042549736,0.355232875580837,2391
0.00760198682665037,0.332251886745906,2392
-0.056888612718193,0.292087657999976,2393
-0.0475462070373392,0.298220664459685,2394
-0.0751018647153738,0.274087697636405,2395
-0.0582493058705685,0.293698815443742,2396
-0.0595008731157668,0.293448086593561,2397
-0.0876301501716639,0.262639045384928,2398
-0.0718166285675872,0.275581973538151,2399
-0.084408467279767,0.265303972556138,2400
-0.0756491703809283,0.27674764519271,2401
-0.0739087067631794,0.27837314438022,2402
-0.0797400619059837,0.267753907301949,2403
-0.0808258966432592,0.266778455293795,2404
-0.079013147313102,0.271441825175829,2405
-0.0787518170068642,0.278510801780867,2406
-0.0631006736426267,0.291984748075238,2407
-0.0785247791162318,0.276707685340476,2408
-0.109157745208581,0.240621509225569,2409
-0.0959785465897126,0.253071516702253,2410
-0.0906070183854162,0.261715708487838,2411
-0.0697338508903592,0.286858427583995,2412
-0.0905513919782113,0.281005388252424,2413
-0.0841793106641309,0.291561849306129,2414
-0.101989967004034,0.257932547104993,2415
-0.100663494017562,0.251597608096812,2416
-0.0978433333135139,0.254495031743325,2417
-0.0782660258765181,0.273189545027348,2418
-0.0804011556172543,0.269137213296458,2419
-0.0755064203713639,0.269454872256409,2420
-0.0855110034931758,0.269105880443703,2421
-0.0802178441147724,0.274346088849507,2422
-0.0822805847406042,0.269165787230072,2423
-0.103397551441298,0.24448093293213,2424
-0.0729624576989014,0.272046422090434,2425
-0.126512998720739,0.211722927497635,2426
-0.102082027439355,0.24862894046354,2427
-0.0861912595446301,0.269735594290825,2428
-0.084799237054791,0.273997230866734,2429
-0.10956954240468,0.237736669937141,2430
-0.110136071128935,0.231482804171798,2431
-0.0679996923549268,0.279360283810497,2432
-0.0500287980062653,0.297818497894669,2433
-0.0917276824658927,0.258049263979657,2434
-0.101023576081795,0.251791342471618,2435
-0.101163420083147,0.249778218036699,2436
-0.0983175836690137,0.24802512168896,2437
-0.0774647531310317,0.273586364831556,2438
-0.0352095638590412,0.300618447952908,2439
-0.0535250293836314,0.290175981651961,2440
-0.0810042948421905,0.271810455272643,2441
-0.0859907451410634,0.271109030686119,2442
-0.0981360082323764,0.253618610769671,2443
-0.0843454337259816,0.275895301432404,2444
-0.081737754803668,0.269269307653735,2445
-0.0782880153600249,0.271247357751876,2446
-0.121381711392708,0.216556343928134,2447
-0.11376471751647,0.22794145826588,2448
-0.124693674066071,0.213198099867338,2449
-0.084587778111302,0.266167410057788,2450
-0.0880865406097979,0.257718088003452,2451
-0.0819749264496691,0.267569359793629,2452
-0.0732188862322766,0.277965261774437,2453
-0.0900748681499536,0.263884713989711,2454
-0.0839108935976784,0.269015231371533,2455
-0.0793277242627004,0.271911175507584,2456
-0.0631371913533478,0.29025719404008,2457
-0.0610738006108511,0.289872750921453,2458
-0.0428461230941431,0.303140307036402,2459
-0.0424575893141367,0.305249668675087,2460
-0.0509159795010276,0.298168047196223,2461
-0.0662469100572206,0.28549560590936,2462
-0.0956667489709794,0.255777164254709,2463
-0.093240456458458,0.256512057188251,2464
-0.113699148655874,0.228751959652685,2465
-0.0628311157927204,0.286109888696066,2466
-0.0633529326814814,0.2837755323047,2467
-0.0772425146492712,0.271333310607788,2468
-0.0833398962786766,0.270606157473561,2469
-0.0462517455591866,0.297357672442446,2470
-0.0286766743913974,0.308655600303223,2471
-0.0321131414143939,0.31312947925755,2472
-0.0370928490110473,0.310573264060238,2473
-0.036245793247918,0.308627956736657,2474
-0.0904036516170678,0.261731689609775,2475
-0.0751800051828864,0.279063043012196,2476
-0.0619548097111291,0.291362477729804,2477
-0.0853862765708883,0.266441374486597,2478
-0.13065051291508,0.207310622546235,2479
-0.0908770205306879,0.26366989540145,2480
-0.000764668043798361,0.336163055866372,2481
0.0386237259548323,0.35101017472244,2482
-0.0346168593479801,0.314845975145999,2483
-0.0426858142223548,0.304301060593981,2484
-0.097109983071876,0.248067510519741,2485
-0.0861750781422589,0.25949436811257,2486
-0.113739021512092,0.223450616333585,2487
-0.098244783072,0.242468794196271,2488
-0.0908328338113186,0.252740965053487,2489
-0.0857889175546175,0.261068289702053,2490
-0.0691763729632845,0.279657170653517,2491
-0.0714558913393835,0.275900651621523,2492
-0.0640161248399052,0.286755638699297,2493
-0.0442406062488941,0.30255383638836,2494
-0.0791784764437789,0.268045616121693,2495
-0.0925412316642461,0.252995046162327,2496
-0.0595704383977808,0.291520744267348,2497
-0.0690906079400771,0.279670946552945,2498
-0.0688896583539202,0.278681898753927,2499
-0.0551023564156789,0.291110219212463,2500
-0.0833489173211091,0.261716037537039,2501
-0.0806144155548042,0.267951689317584,2502
-0.0892043976908033,0.258657409321487,2503
-0.106576483746495,0.23914382259427,2504
-0.00104476878460791,0.331523031459149,2505
-0.0478508830866177,0.302390768697882,2506
-0.0943648161000332,0.255099588746748,2507
-0.0375640028381398,0.303184918437286,2508
-0.0319829534219737,0.306255393840228,2509
-0.0409438846469171,0.299299124458124,2510
-0.0604327881464602,0.282855183174955,2511
-0.0717604742402366,0.272007809780763,2512
-0.0539917973003989,0.2841802436501,2513
-0.0568042445128909,0.27706178810908,2514
-0.101590741083631,0.227594040343639,2515
-0.09801110473962,0.234561143916932,2516
-0.0653299678336575,0.272353029402518,2517
-0.0695596655684698,0.26697930708758,2518
-0.140519808218094,0.177672858587825,2519
-0.111532859395355,0.21904512789277,2520
-0.080547146294532,0.259450872542254,2521
-0.0766358453708489,0.266663668296853,2522
-0.0672940662846423,0.276693508874899,2523
-0.0795872866406572,0.25901168630523,2524
-0.0939125001658886,0.242087264073683,2525
-0.091967362570967,0.244361517376862,2526
-0.0771372657972141,0.264066647712838,2527
-0.0884216748964525,0.251564598793509,2528
-0.0925439475567607,0.247733218572736,2529
-0.0910886260796674,0.275120028952121,2530
-0.0706506038437006,0.282608674657596,2531
-0.0777735816154263,0.270818769926274,2532
-0.072436159105296,0.27085579910716,2533
-0.0843992455189201,0.253702912794992,2534
-0.0930247712492985,0.242320325993381,2535
-0.0721331238009072,0.267381804912162,2536
-0.08080093634932,0.264032105590263,2537
-0.083092422819062,0.257981478682568,2538
-0.0742888156994534,0.274386567440279,2539
-0.0821255643601573,0.270111773291961,2540
-0.101497614983667,0.239693425275757,2541
-0.0852780520203841,0.26122398180981,2542
-0.10041220308608,0.24898035665336,2543
-0.117653832265212,0.225417040208409,2544
-0.0926580608717829,0.256544789437555,2545
-0.077722925970421,0.272001224759117,2546
-0.0742294860625748,0.267422709384181,2547
-0.0557244035454922,0.282669777001728,2548
-0.0332573715356463,0.30307148682191,2549
0.0778424554786437,0.350773756505784,2550
0.000689386117227836,0.319262788731096,2551
-0.0132967781676753,0.321547407968127,2552
-0.0469382854281769,0.292977531062088,2553
-0.0822972646480299,0.260856975378358,2554
-0.127362559426412,0.200227966018616,2555
-0.113392441585079,0.222259185882925,2556
-0.161054908300307,0.148445565418651,2557
-0.123364957685847,0.211599692215722,2558
-0.109801046438398,0.230105248529042,2559
-0.082275642085782,0.259291940542755,2560
-0.050135613911321,0.289775050654814,2561
-0.0602743016082024,0.279156762509747,2562
-0.0727914084122894,0.269990365342177,2563
-0.0811555281743244,0.261028351902719,2564
-0.0807843265891385,0.261464679247571,2565
-0.0801561919522641,0.26076520554884,2566
-0.0718778906863947,0.273863967763642,2567
-0.0736311771813114,0.269999386589887,2568
-0.0717365277601673,0.268989224114879,2569
-0.0847916937532148,0.25566571800963,2570
-0.0776521401664167,0.26115432396071,2571
-0.0954729817270252,0.244099093589874,2572
-0.0796108464578761,0.258744013277581,2573
-0.0851560699470867,0.256632279582871,2574
-0.111645559155709,0.227761320902892,2575
-0.0928593508387282,0.253064518391428,2576
0.0499983531662083,0.34426972886385,2577
-0.0121852484384786,0.31707146349997,2578
-0.0485538891493117,0.291049552217641,2579
-0.0717296396170219,0.267373367072874,2580
-0.0827204192092722,0.250255430491405,2581
-0.0771988028347357,0.252981767480896,2582
-0.0829585290779122,0.249217525421801,2583
-0.071466888480304,0.264965488053723,2584
-0.070106443773673,0.266886406082273,2585
-0.0745105170122614,0.256275310554471,2586
-0.0838796968732789,0.24752983775711,2587
-0.0740549560270633,0.264014060882836,2588
-0.0951171466030598,0.234887594208567,2589
-0.0894766964326134,0.24345225013162,2590
-0.110654471562524,0.219672022755871,2591
-0.0751902905988153,0.258419553493808,2592
-0.0732703546439933,0.258595951345222,2593
-0.0959613225188471,0.233466136367499,2594
-0.0629456537439779,0.270227668093061,2595
-0.0647845314690112,0.268652075108887,2596
-0.101986937572331,0.229904978141357,2597
-0.0763967487381594,0.266079726970118,2598
-0.0780057767875392,0.263878647748419,2599
-0.0817434046454862,0.257325987886813,2600
-0.0803572940683804,0.256674117014156,2601
-0.0578117914114145,0.271714033083121,2602
-0.0334244566975854,0.285118283610839,2603
-0.0726574350740041,0.258061698255108,2604
-0.0901382514490067,0.235348152821077,2605
-0.0901154277355641,0.237643145222759,2606
-0.0798244881288324,0.25002296382652,2607
-0.0593977075781128,0.269911673272617,2608
-0.0671757121634942,0.262358165133121,2609
-0.0732204904761199,0.252330601081304,2610
-0.0682483907928463,0.25917812310404,2611
-0.0813416109424388,0.246233523048013,2612
-0.0663198324081076,0.262418588110085,2613
-0.0672034925608332,0.261176392027769,2614
-0.0670807432241297,0.25569494216468,2615
-0.0644667772447525,0.253873892760486,2616
-0.08189502005656,0.232152951114993,2617
-0.0437407371719049,0.264527666033008,2618
-0.0470091615283811,0.280551271730723,2619
-0.0836844841249901,0.250819715940572,2620
-0.115597589655095,0.21266912408742,2621
-0.103118013136971,0.217719759688088,2622
-0.0846089613124526,0.229821698947951,2623
-0.102468144925211,0.208812751595302,2624
-0.121356081096908,0.181005152560978,2625
-0.0805445359784424,0.230002963874906,2626
-0.0598493363451642,0.25095545768728,2627
-0.0690607599723603,0.242477712940858,2628
-0.0771752580658816,0.233400232973568,2629
-0.0689889591608591,0.241754270190954,2630
-0.0929833960670545,0.214320274739777,2631
-0.0762443649713382,0.237559408572196,2632
-0.0907212426031064,0.223696529903707,2633
-0.0780064015691593,0.232077399073066,2634
-0.0935256211251686,0.214239008282129,2635
-0.0564450171197995,0.252598043821808,2636
-0.0733626657754854,0.239111318032365,2637
-0.0565277248865784,0.246442204138548,2638
-0.0744453914694062,0.229346694350079,2639
-0.0724387633348597,0.231770583040329,2640
-0.0769251448441071,0.230046513970444,2641
-0.053966015330665,0.252997945874842,2642
-0.0312146521818725,0.265677748958123,2643
-0.0294575574806744,0.266168592604735,2644
-0.0516688563472679,0.250238849934555,2645
-0.0637513194849251,0.243039526402453,2646
-0.0447930496341174,0.253001093775617,2647
-0.0901837192193573,0.216864095324078,2648
-0.0906056164568155,0.219920607670748,2649
-0.0728509872328718,0.240062074128211,2650
-0.05819457393046,0.250242106633926,2651
-0.0730952688991744,0.235760893507466,2652
-0.0287210342767873,0.270542166908189,2653
-0.0584424305506254,0.243827539141823,2654
-0.0713784364395484,0.235889538167461,2655
-0.101494553540412,0.204040370776609,2656
-0.0887293183989866,0.216903133545284,2657
-0.107861135374877,0.195460741708147,2658
-0.0963505160377611,0.205239178947281,2659
-0.089009278130821,0.218594363856184,2660
-0.081872880619968,0.224672992020249,2661
-0.0896078539826402,0.22183513126698,2662
-0.0998434307539885,0.208833250885621,2663
-0.0927490907897397,0.21554284532038,2664
-0.082955448057454,0.224973652905485,2665
-0.0710526168334995,0.232942691404313,2666
-0.100610923743815,0.200520870037101,2667
-0.084805211235344,0.212949223642428,2668
-0.0791173636006273,0.222441864808064,2669
-0.0883424722171805,0.212694975624048,2670
-0.0792408197876456,0.223555462526349,2671
-0.0771623713003996,0.226266321227658,2672
-0.0926825189149129,0.209684477026745,2673
-0.097688686461061,0.205138159539916,2674
-0.0773038351792831,0.233562608303821,2675
-0.0963929503178929,0.210119145516185,2676
-0.0758776646888872,0.234136298403945,2677
-0.0730674687031795,0.243560013695204,2678
-0.0895776368941657,0.228337239697822,2679
-0.0877512968818426,0.225476525695369,2680
-0.0626784772641335,0.249211496243322,2681
-0.0784636333793788,0.232707520371246,2682
-0.0812402145073164,0.227305479012844,2683
-0.0878378285608865,0.217373505130846,2684
-0.0677879890597395,0.239987704321685,2685
-0.0499809962594319,0.253609081389842,2686
-0.0418132465669208,0.261385743488393,2687
-0.0440256159309763,0.261438997898193,2688
-0.0444861019138966,0.260772906976661,2689
-0.0442205277167905,0.263536083513987,2690
-0.0533937340252069,0.251109509867359,2691
-0.0560912960652995,0.251987301409213,2692
-0.0801107172978784,0.225824909031995,2693
-0.0646694800502377,0.240326548375061,2694
-0.0665891948480496,0.23922500937442,2695
-0.0254497306203691,0.278882754500296,2696
-0.0613337000105658,0.25085016170696,2697
-0.0561137502125925,0.250165497413066,2698
-0.106774711105837,0.192846357863116,2699
-0.0947552010847095,0.206565487176632,2700
-0.103893134455535,0.201182205742685,2701
-0.0412178759011652,0.26498975181183,2702
-0.0653450905642659,0.24409517459655,2703
-0.0272942046070741,0.272897603028276,2704
-0.0745659614909418,0.236580722271271,2705
-0.091042081947416,0.218831983213516,2706
-0.0770727913634148,0.237047853835275,2707
-0.129394652684748,0.16652802294855,2708
-0.0982703046002881,0.206902454890178,2709
-0.0893302067246957,0.216905545762847,2710
-0.0874749806265923,0.219480488343532,2711
-0.0628033040560907,0.244342628408813,2712
-0.0627580105220582,0.24452796267704,2713
-0.0436735243091481,0.260240208013212,2714
-0.0579536880452759,0.247166088895149,2715
-0.0644543440521322,0.241390996028426,2716
-0.101448522632491,0.202421747362113,2717
-0.0662416729722115,0.243980842912593,2718
-0.00955667825771596,0.282762716659393,2719
-0.0419394739697131,0.264549966532285,2720
-0.03004495545823,0.266928075096421,2721
-0.0377958136199489,0.263563482994369,2722
-0.0701694892158039,0.237153228528233,2723
-0.07081893632951,0.235308851052767,2724
-0.0522667141871094,0.254464221016621,2725
-0.0349669979865135,0.266448045935291,2726
-0.0434965298774205,0.259675294007475,2727
-0.00819429643526854,0.285634976594457,2728
-0.0371258020444828,0.272270236147913,2729
-0.0193606264548877,0.286780836193039,2730
-0.0312550826732456,0.280090693139988,2731
-0.0521111924243144,0.262884783541366,2732
-0.0715866759318974,0.249788315010728,2733
-0.0765988559623773,0.240994020327897,2734
-0.114384301881434,0.192608250366089,2735
-0.092363432961917,0.221881541080929,2736
-0.0687753210115276,0.245994438497063,2737
-0.0607568896304908,0.249664626466418,2738
-0.054250941873852,0.258879311019856,2739
-0.0744204315469413,0.242567037523288,2740
-0.0708104025505249,0.245771837094187,2741
-0.048582643603094,0.266244562484368,2742
-0.0407198471804968,0.268468656032959,2743
-0.0414298322238879,0.267391803541747,2744
-0.0490091962711132,0.261005425639563,2745
-0.0715382751537572,0.244302539361977,2746
-0.0577133441029664,0.257612383561959,2747
-0.0470423972078777,0.267831894198631,2748
-0.0772758705199803,0.240758693541039,2749
-0.0834065804048939,0.234395258913318,2750
-0.0819255546818387,0.234218007916569,2751
-0.0454362851769714,0.266595354271246,2752
-0.0479444296114585,0.261946127673886,2753
-0.0411917214001882,0.269505266735182,2754
-0.0648923744215718,0.250369918307848,2755
-0.0709363693698595,0.244191703611294,2756
-0.0880467770802373,0.22602046058809,2757
-0.100850904562194,0.208793033071063,2758
-0.0606583312126523,0.255579226527824,2759
-0.0658020257513357,0.254269810553393,2760
-0.0451770091065577,0.269512060389148,2761
-0.0683121547588999,0.252755041941024,2762
-0.0550393389887765,0.263499616323625,2763
-0.0504909988335923,0.265502785039849,2764
-0.067856595093958,0.245720304868848,2765
-0.0651553951160842,0.247745255819646,2766
-0.0740881282987087,0.238855938143348,2767
-0.0664717473696529,0.28940325745582,2768
-0.0553279536370952,0.31032345634272,2769
-0.0764194278920323,0.287736527463282,2770
-0.0608383375733004,0.302762367544157,2771
-0.0983767419749151,0.276394548545903,2772
-0.0936441705138223,0.278019569662451,2773
-0.0895491720875533,0.281518920175252,2774
-0.0959319769237176,0.276385485322959,2775
-0.105342653280474,0.26042631593575,2776
-0.089612565773607,0.274014749797995,2777
-0.0868523713087495,0.278882950385565,2778
-0.0828177244602105,0.28482356063183,2779
-0.0597049803872911,0.307132780480796,2780
-0.0779331819262312,0.295807039453074,2781
-0.0397378792841334,0.321938721106131,2782
-0.0927738839292585,0.275386296687891,2783
-0.0641206013001649,0.301007872795608,2784
-0.112744033948052,0.24862111995504,2785
0.0406998186519192,0.345177604416788,2786
-0.0507491599886187,0.306943684995979,2787
-0.0624763441580163,0.300050493439497,2788
-0.0888713061106458,0.282524166549874,2789
-0.096638133809342,0.268857067436453,2790
-0.089372215124068,0.272897386593134,2791
-0.117264473503467,0.24821861619234,2792
-0.107095050260447,0.265064821624726,2793
-0.107820955871321,0.282688675741363,2794
-0.107039907429663,0.286506585504937,2795
-0.115268377344871,0.272890617082842,2796
-0.129982521663647,0.252250945414137,2797
-0.113976428744095,0.287140983511693,2798
-0.110491730131987,0.287638076834349,2799
-0.128462930950767,0.262651112557417,2800
-0.107160563287123,0.288285177947209,2801
-0.114345741191551,0.276501216684986,2802
-0.0829144806905285,0.308695603503569,2803
-0.102178321505575,0.287313078249859,2804
-0.107261839428323,0.277387365068461,2805
-0.112866847305882,0.27303396282018,2806
-0.104775660912178,0.279175262513664,2807
-0.104531711873065,0.28129432176171,2808
-0.123081626946253,0.259406195981847,2809
-0.120564113816416,0.265753716268457,2810
-0.106061199881221,0.284090248864957,2811
-0.118461199277434,0.27183959816892,2812
-0.100492274897231,0.293214130700936,2813
-0.0869878813899513,0.308628918132866,2814
-0.101733508248649,0.295574494819131,2815
-0.0996990458208499,0.296434421542832,2816
-0.115040621824348,0.278796775810969,2817
-0.125002177396861,0.270442310557565,2818
-0.119567252718861,0.273388800805094,2819
-0.117744343559249,0.275484076662004,2820
-0.105485569269978,0.291991208875983,2821
-0.0853211141110046,0.3087421750683,2822
-0.0992759682818222,0.291787032126411,2823
-0.106950155254347,0.286489971486755,2824
-0.119953546897568,0.270648580266749,2825
-0.130015352100024,0.259051966734592,2826
-0.0984165485748429,0.294202903932023,2827
-0.103995402828618,0.285589493886447,2828
-0.108664277854558,0.283176727848629,2829
-0.1010112152566,0.287935789747598,2830
-0.104098362638113,0.284352178495332,2831
-0.0849363155613328,0.304862537462342,2832
-0.11135028672526,0.276243746994175,2833
-0.124313784958952,0.2617862688671,2834
-0.127844166377344,0.26055335211146,2835
-0.110452247409981,0.285737070659983,2836
-0.11964814294,0.273645260562642,2837
-0.0957604762245888,0.296359745088169,2838
-0.11858574685636,0.275416138262809,2839
-0.118813978642337,0.276473852718212,2840
-0.0668021016221603,0.326901320277054,2841
-0.0850803372448637,0.319424627452438,2842
-0.0947219128351206,0.308917170361094,2843
-0.09153487481088,0.304813699974534,2844
-0.110014272193449,0.283457314844794,2845
-0.109037784309653,0.282804145810048,2846
-0.153180994224204,0.221992757892231,2847
-0.138457748230023,0.245373008413482,2848
-0.0989494325982217,0.293156718121096,2849
-0.114350542118428,0.279870426675871,2850
-0.11328479310979,0.274038238384341,2851
-0.118914088490735,0.269793056693886,2852
-0.117809796172411,0.276124537334995,2853
-0.129785724817238,0.258273165292985,2854
-0.0980358543918981,0.304497395860994,2855
-0.0932121024817311,0.30304638980402,2856
-0.124903851578888,0.266077154404083,2857
0.0537467950081935,0.378969150293196,2858
-0.0386665387703897,0.344546835483983,2859
-0.0594192764630449,0.327062720356265,2860
-0.0928776800275728,0.302524532413844,2861
-0.107956557177011,0.28746812130101,2862
-0.109340166026165,0.283417805530276,2863
-0.089270891694795,0.303736815747123,2864
-0.091894337560641,0.303967816319858,2865
-0.113487255059918,0.283599264748199,2866
-0.114489497373695,0.28079753543795,2867
-0.116477926012787,0.280413900436814,2868
-0.120120971095365,0.27410497178367,2869
-0.0734817720878219,0.318237004176183,2870
-0.0814644522355972,0.30876399613116,2871
-0.0872500092648894,0.305430463077599,2872
-0.102063375298241,0.284908580954021,2873
-0.122763892258707,0.26459801628133,2874
-0.118815424689117,0.271649652053393,2875
-0.0909710636439574,0.297426964694723,2876
-0.113572883371703,0.275838377330572,2877
-0.0966128255838332,0.293306506510879,2878
-0.0940643516483351,0.29889800865716,2879
-0.115396574249817,0.27758500753841,2880
-0.11930848381161,0.274363722841097,2881
-0.134502785340739,0.253749218265221,2882
-0.0440133497094497,0.333603199230711,2883
-0.0537224705775459,0.328465433476517,2884
-0.041471291836876,0.31937576134498,2885
-0.0596090346062963,0.296823966060358,2886
-0.0664841456979913,0.292122959684011,2887
-0.0910005758704547,0.276032184736586,2888
-0.116549941552014,0.260664717922411,2889
-0.10028713311231,0.270167647215777,2890
-0.111739470168783,0.249277169197164,2891
-0.113159933554627,0.236761255914779,2892
-0.134498195400841,0.194257401796189,2893
-0.134489381889841,0.181884518048058,2894
-0.0899347316190325,0.227878734840841,2895
-0.093145790546729,0.221167359564938,2896
-0.0897317332874965,0.223821794376831,2897
-0.0766438714804089,0.234148876832234,2898
-0.111330705013096,0.201136278605453,2899
-0.115797464309759,0.193756223669777,2900
