"PC1","PC2","time"
-0.0978964030719884,0.0445235594433516,1
-0.0778326786009112,0.0446022887813376,2
-0.0877022220795208,0.0480313329643433,3
-0.0834015763289864,0.0421625395386386,4
-0.0839173137906577,0.0427400517571734,5
-0.0647337203127227,0.039023398330658,6
-0.0718147850869669,0.0391672174073051,7
-0.082619738642692,0.0379125942334528,8
-0.0769390469111729,0.0440167889312089,9
-0.115946701981652,0.0312697273927345,10
-0.103122663792778,0.0466320700492444,11
-0.0999102604600007,0.0403910245373174,12
-0.107333876999884,0.0413340300814169,13
-0.113812990823683,0.0416466563345359,14
-0.103222943073966,0.034434948660327,15
-0.0921728350561086,0.038850132898926,16
-0.100957320634868,0.0411436328946297,17
-0.100726065577325,0.0460004626826798,18
-0.0939699138901036,0.04336094732931,19
-0.0797367310576146,0.0219260955091405,20
-0.0795491877609609,0.0375063177394078,21
-0.0709171558614219,0.0478617466443422,22
-0.071296749540123,0.0523960599200506,23
-0.0754565347511676,0.0487466085193233,24
-0.0646699789320442,0.0521618556311559,25
-0.0724198121956002,0.0489492513767909,26
-0.0994799983589728,0.0449501751291143,27
-0.09447750728278,0.0448310416906498,28
-0.0983584867947844,0.0386582303892165,29
-0.109470300914962,0.0419999642083342,30
-0.101568766343667,0.0463733351472279,31
-0.102550877399841,0.0458641429916641,32
-0.0995485048757374,0.0810790457752757,33
-0.093268455694016,0.0764257173760874,34
-0.0840942279934909,0.0732456524304207,35
-0.0940061227668389,0.0768412406430754,36
-0.0958644659558184,0.0817442126005803,37
-0.0885986749208471,0.0740930957177502,38
-0.0972529315041596,0.0780733565087544,39
-0.094399821249838,0.0764734626054938,40
-0.0944503035001462,0.0778205806325125,41
-0.0782727000848925,0.0794693125761822,42
-0.0772754181538041,0.0731900472739488,43
-0.089477853500463,0.0799493948275909,44
-0.0891714809254002,0.0727988345155543,45
-0.0872095625284228,0.0773867655629539,46
-0.0839953264857506,0.0805206022986251,47
-0.0885743512632211,0.0804821825104213,48
-0.08501897936073,0.0790461562067507,49
-0.074854304771742,0.0938044816194338,50
-0.105724296223827,0.0873707246109993,51
-0.120783034918117,0.088562792647525,52
-0.115377800583594,0.0810853969263285,53
-0.103647827822775,0.0765777890756964,54
-0.0886743839646339,0.0802618263443761,55
-0.0473760792425347,0.0872966484118625,56
-0.0941751664737996,0.0877885818931306,57
-0.110923615025771,0.0882513028911124,58
-0.112864676969751,0.0831152500934535,59
-0.0935273788804112,0.0776747856235862,60
-0.0817426731169273,0.0728079098395199,61
-0.0779059364740325,0.0764844672904546,62
-0.0735593593828948,0.0808374492377327,63
-0.0858635606116339,0.0735199536531164,64
-0.0831912488560023,0.0735422018407579,65
-0.0382563360557407,0.0862030900753411,66
-0.0747560998822833,0.0760312051771196,67
-0.0906498919063623,0.0705349553527714,68
-0.115404270004277,0.0754743842618659,69
-0.12507558566583,0.0728912044819094,70
-0.128779431270253,0.0796868960401361,71
-0.116169248851187,0.0804318337764621,72
-0.104359411882819,0.0687260945291786,73
-0.117333490656473,0.0704283289894303,74
-0.114455787401074,0.0759177638386535,75
-0.101811584425648,0.0709692897488973,76
-0.0913318384049704,0.0726679310484226,77
-0.0868864792421691,0.0698299260565682,78
-0.104780833542414,0.0714455410314671,79
-0.117130014273913,0.0745508097391192,80
-0.117706275995708,0.0792160321557435,81
-0.110753322942968,0.0784875773425285,82
-0.117649358563394,0.0819259264505611,83
-0.10980869883134,0.0806441280904562,84
-0.101191269889418,0.0750609756166608,85
-0.0905125613314487,0.0697398080607692,86
-0.117602053758663,0.0744529510354798,87
-0.111111289732064,0.0725598524222137,88
-0.0972258753354067,0.0753339746215428,89
-0.0882440572331084,0.0789986609159712,90
-0.0851218465050013,0.07603262894706,91
-0.067698222608307,0.0714960939991405,92
-0.0774102114894404,0.0792540538380831,93
-0.106997477098048,0.0752515087983178,94
-0.111982431779588,0.0742964216506707,95
-0.10593572040768,0.0747345375386382,96
-0.116440774995561,0.079237441021778,97
-0.123172688752182,0.0807204476914535,98
-0.111944080773222,0.0720509111265621,99
-0.11747166657327,0.072664782338247,100
-0.111317113431285,0.0650778727995881,101
-0.0942868313505683,0.0721574277694051,102
-0.098998094612594,0.0666241121874076,103
-0.100801047564598,0.0749283990854609,104
-0.0949801611634747,0.0598001259681154,105
-0.115289729774583,0.0505024869517642,106
-0.119207432315012,0.0688918414221097,107
-0.119901376723181,0.0719310616487818,108
-0.106450421458626,0.0709725494112964,109
-0.112258512496579,0.0715786573371143,110
-0.104976386065606,0.0770084838523204,111
-0.108703677553049,0.0736904002032469,112
-0.126631650765958,0.0782554263004026,113
-0.117918328995178,0.0778042460493175,114
-0.113130410256865,0.0690538258069473,115
-0.116717038410535,0.0776527334748617,116
-0.0995967168012736,0.0638986751698013,117
-0.0977249740095566,0.0719840441304516,118
-0.10675416377195,0.0752178153435397,119
-0.100735868050915,0.0719336957017873,120
-0.0988018079442261,0.074770363373966,121
-0.0855044232205224,0.0690673946836389,122
-0.0850070057226659,0.0751792339811827,123
-0.0856500075544057,0.0783586436795279,124
-0.0849099246546378,0.0728316022220518,125
-0.0955931607510481,0.0681704460244211,126
-0.0680670316795268,0.0856658645640014,127
-0.0775348209655563,0.0723148857789314,128
-0.0855608520994555,0.0689513406831964,129
-0.0701910784700417,0.0705987936742574,130
-0.0840944667387851,0.058947384850487,131
-0.0945939172346371,0.0626030451100854,132
-0.109362797003188,0.0734147783920267,133
-0.106455282423052,0.0789459342709505,134
-0.100892139126624,0.0738114242067238,135
-0.0777873948794639,0.0816431303625912,136
-0.0939549701626316,0.0625332302774429,137
-0.103093299604215,0.0698837045620123,138
-0.117705949786685,0.0693082774535036,139
-0.12034653473891,0.0657031582851029,140
-0.114768937110258,0.0741959162173664,141
-0.109613550938346,0.0758893767696823,142
-0.101334104713883,0.0663573209866532,143
-0.100841965221646,0.0633118923353133,144
-0.102779027069019,0.0626542696920489,145
-0.0396383348338927,0.0854007738624121,146
-0.0340326207777467,0.0660866414288906,147
-0.0820713067208339,0.0582441333829048,148
-0.0965038609725564,0.0592669389931665,149
-0.084123958725524,0.064158726362827,150
-0.100896552891088,0.0686786408854044,151
-0.101542890005507,0.0643654582747338,152
-0.116254013686415,0.0556744072493296,153
-0.094483563522811,0.0676434920329832,154
-0.109400725144275,0.0602706608849734,155
-0.115298232125668,0.0330390456413842,156
-0.106786588867246,0.0499072880614589,157
-0.0946396570150691,0.0599185270078677,158
-0.0956527710328373,0.0567323951597563,159
-0.111588546493414,0.0482968593576139,160
-0.097749048215474,0.0523082561851558,161
-0.111729491234457,0.0567588115109158,162
-0.098152138118621,0.0523560055553388,163
-0.12101683051535,0.0585412945410132,164
-0.117992161891439,0.0375825312219122,165
-0.102524514130683,0.0439589298648642,166
-0.0960968165479482,0.0473210378719065,167
-0.0938863708251297,0.0436342305101898,168
-0.090975155199934,0.035557241117914,169
-0.0943845413479758,0.0349857481108604,170
-0.0944045315377177,0.0466515741300465,171
-0.094886733222268,0.0482455979332422,172
-0.101465548027602,0.0432831701319302,173
-0.0981129293023477,0.0404646794632329,174
-0.10689665585644,0.01851011984619,175
-0.106945629899776,0.0318671186553753,176
-0.0951558169330528,0.0328752385800758,177
-0.0896664835480072,0.037153400407598,178
-0.0884401237904083,0.0443912113509853,179
-0.0890986321627363,0.0521359189319766,180
-0.105584452714698,0.0429703609582982,181
-0.0507230952173813,0.050386254071182,182
-0.0511197191290203,0.0496165856979878,183
0.0520369488828793,0.0616975089367997,184
0.042770747131852,0.0523701537679839,185
-0.00903488517365791,0.0430300765155229,186
-0.0577758419891831,0.0389444385151708,187
-0.0848567721875941,0.0333998505043741,188
-0.0831570806201612,0.0332687482758588,189
-0.0828642991744942,0.0359043636937159,190
-0.0848684300591014,0.0376549155127976,191
-0.0909954555801064,0.0354631391449443,192
-0.0542213963891633,0.0403116686654812,193
-0.0610832280299521,0.039725444298591,194
-0.0843996181577667,0.0365911380840178,195
-0.0907398217679797,0.0420014515941502,196
-0.107617037731709,0.0370417774498495,197
-0.11531539800838,0.0413863880415672,198
-0.113957122454958,0.0434502985699776,199
-0.104034665994563,0.039170295712583,200
-0.101995927279396,0.0405485000754256,201
-0.106898543156998,0.0381492187942826,202
-0.0800849975612039,0.0356923502314301,203
-0.0947970543273423,0.0327688476646985,204
-0.0969494692654501,0.0303305939967162,205
-0.0953402215728758,0.0287241761012751,206
-0.0897735338852468,0.0344538812786482,207
-0.0795871043399075,0.0331117969248618,208
-0.0675297822739708,0.0312130128786654,209
-0.0851771842408229,0.0311097796701707,210
-0.0981054502167863,0.0392488168238898,211
-0.0983563261336456,0.0308905351059782,212
-0.113004322725601,0.0315166310196894,213
-0.0476423188475759,0.0469390658595475,214
-0.0783169158503575,0.0413860975260998,215
-0.0374398872585318,0.0627158744153288,216
-0.0740514719915998,0.0372328727320172,217
-0.0893571799189242,0.0391817670243683,218
-0.0784114393806556,0.0426371422907545,219
-0.0809803975248358,0.0474132061297797,220
-0.11527953741719,0.0460827091272805,221
-0.113460206639933,0.0442445350145019,222
-0.108596784129539,0.0429659820952832,223
-0.0945777158170773,0.044883231662147,224
-0.107873256574476,0.0379436471435323,225
-0.112316100557415,0.033100521782921,226
-0.100582814145731,0.0297077037607515,227
-0.097721906882067,0.0271906922533974,228
-0.0987214073429943,0.0329672982795014,229
-0.106622735498313,0.0348014822927545,230
-0.104367491254861,0.0369620559623506,231
-0.105862881154756,0.0475867271920669,232
-0.0980423044902072,0.0511795612178873,233
0.141803118805997,0.109560201845308,234
0.305599603251699,0.0784300488512146,235
0.341985666740027,0.0822225216150073,236
0.350973225815196,0.082415655138688,237
0.36057381924092,0.061038068083025,238
0.360190529598743,0.0678231088242036,239
0.362388904156618,0.0778427258796881,240
0.363500599370812,0.0634698917199346,241
0.362691669655111,0.0686748213811294,242
0.354593347449582,0.0754591141605653,243
0.357567912016874,0.067045820075327,244
0.360660946091983,0.0596002224569828,245
0.364740974192442,0.0563983615095033,246
0.368779418353573,0.0547416758426677,247
0.371328466079837,0.0563351772385304,248
0.373240327660593,0.0521042476652417,249
0.364651446931642,0.0840406759300576,250
0.367796686829121,0.074494223442875,251
0.374360108426253,0.0517205095347722,252
0.37326445598866,0.0577147587940116,253
0.369169305446173,0.0634523783467452,254
0.36663284479743,0.0547507175626851,255
0.368864385982876,0.0527625414334866,256
0.372550779380865,0.0584647802530485,257
0.369506429673727,0.0668119217888927,258
0.366635394365114,0.0628185387189296,259
0.362939480850683,0.0561085084591953,260
0.367814651262198,0.0427861583402632,261
0.364146322743052,0.0484541431072967,262
0.368253247696267,0.0422930605559462,263
0.36685635048025,0.0348119948714984,264
0.372745262922234,0.0393553089105255,265
0.37115421210066,0.0324384648773844,266
0.372224748688732,0.0295206327262765,267
0.368288905701555,0.0289190752599886,268
0.371618667559457,0.0331832563055696,269
0.367928880888545,0.0458264775697288,270
0.369701572327616,0.0421068781632163,271
0.366744488339442,0.0341912204281743,272
0.368573137682138,0.0272751379858874,273
0.362442471541893,0.0405428585049332,274
0.363657559722497,0.0478050393014654,275
0.372616464500807,0.0393425264192343,276
0.37182859772774,0.0410875126752359,277
0.37099904251474,0.048033171609985,278
0.363831061619602,0.0556731980851765,279
0.368819428830435,0.0471967447355821,280
0.368401150131101,0.03077541113969,281
0.374396744187502,0.0402719447206335,282
0.368918728318771,0.0538284700772651,283
0.375150353833227,0.0522409967963485,284
0.373283264966591,0.0554412314980889,285
0.369639277411289,0.0664663517835131,286
0.368761387670517,0.0535082931583176,287
0.370261782676859,0.0524917516622107,288
0.371207489638831,0.0655195814951276,289
0.371094000605691,0.0600763411997497,290
0.369616624842955,0.0631529525266257,291
0.374476200057691,0.0649655234333337,292
0.380827736638768,0.0637162849190264,293
0.378299212715034,0.0708997755336774,294
0.381051389727516,0.0662057733890676,295
0.378130896706317,0.0537126482979375,296
0.3782756787849,0.0490390904883739,297
0.37921980830767,0.0545315017229304,298
0.385924233071372,0.0483279101469163,299
0.38486297679265,0.0574278176541438,300
0.387467976348285,0.0393600400876212,301
0.382531726500703,0.0407200109750165,302
0.381128637766046,0.0525939042834137,303
0.376706423596819,0.0535646704907955,304
0.374736747274594,0.0541911932721808,305
0.383552357583388,0.0440056583987299,306
0.382131664324898,0.0438845381605067,307
0.378693811070046,0.040770591680721,308
0.381649140891105,0.0367444296566704,309
0.377241967677384,0.0313607156932134,310
0.373668177394961,0.0402191401906395,311
0.375654527788512,0.0317136369704751,312
0.378556180346791,0.0407714846004002,313
0.376040432961736,0.0166234162032248,314
0.371497241939183,0.0207327071871214,315
0.372672276335817,0.0357450286855652,316
0.372919455109568,0.037654858202195,317
0.376948347804911,0.0416703099320282,318
0.377828327973949,0.0334044316002094,319
0.375685369408106,0.0370207264673168,320
0.37912512001081,0.030862305233932,321
0.380238663895172,0.0272885318622802,322
0.376131767954869,0.0412017433074128,323
0.371407041012433,0.0435230746119756,324
0.373575525233091,0.0451704443059101,325
0.375366347860153,0.0457433462083261,326
0.377469676363685,0.0393554165157353,327
0.378924588297942,0.0424904926926209,328
0.372087965948329,0.0372582192310823,329
0.373666351589573,0.0352300316283454,330
0.375737535790838,0.03112755849218,331
0.378820757202512,0.0318599454590786,332
0.376047213766596,0.0302811383133553,333
0.37630269771929,0.0433390882191502,334
0.371613944501644,0.0387336904634887,335
0.375902996859492,0.0377236889341786,336
0.373917469492693,0.0363566651856718,337
0.376506366931967,0.0371945770463511,338
0.368516839046252,0.0547849642504335,339
0.370593442473498,0.0426737875480252,340
0.367681864459228,0.0293807192842644,341
0.371203523089132,0.0205016372413741,342
0.380277574040513,0.0221204325137707,343
0.379533237839779,0.0373829547873311,344
0.378398680546754,0.0176209917253258,345
0.377928048030393,0.0247503247210774,346
0.372950221133722,0.0343494281520151,347
0.377426928013556,0.0353325991957039,348
0.380934020661555,0.0337107213659508,349
0.373101573649004,0.0168818697735576,350
0.381533011615512,0.0297109367279382,351
0.377109038507,0.0351475496872896,352
0.375577174518464,0.0449327647796686,353
0.376485229022578,0.0559884395079427,354
0.374815889978642,0.0379795922215565,355
0.385340216838687,0.0456887285473337,356
0.377371285337108,0.0412926500389014,357
0.37144326159145,0.0415930134390967,358
0.375793683611803,0.0434865295820972,359
0.396778449741596,-0.127393405220323,360
0.396007659214621,-0.151635644905059,361
0.3897388661861,-0.162275919726035,362
0.391718763957057,-0.158739556280618,363
0.39880594173004,-0.164857537869069,364
0.39492361357791,-0.174840019314119,365
0.395555712228784,-0.176937768989436,366
0.390791728477974,-0.178489865467456,367
0.394605324911381,-0.163144385847658,368
0.399569680956877,-0.16222476051745,369
0.402560807421488,-0.176758125327497,370
0.403347653113949,-0.188030055290746,371
0.401999675603789,-0.192134899225327,372
0.405440489104748,-0.190594332817994,373
0.40265199667337,-0.182368775471235,374
0.405242215769732,-0.192414519573434,375
0.400961716418391,-0.188463536619692,376
0.401739320720423,-0.180958700777562,377
0.411514180380633,-0.183948128109357,378
0.413091889770268,-0.192355852335413,379
0.411191895395531,-0.185774247703443,380
0.406542905454473,-0.180364307847911,381
0.402388966363383,-0.183462720765675,382
0.402494249389767,-0.189747584914056,383
0.401197294921173,-0.200416408570432,384
0.407455797938734,-0.189421490064565,385
0.404383095181193,-0.178542096301213,386
0.408270756478647,-0.184905495544187,387
0.404990780073509,-0.183233653389725,388
0.406541453911352,-0.180773717100877,389
0.408461547599029,-0.176924885197991,390
0.418447842096673,-0.178403671095569,391
0.413458409442237,-0.191251814467079,392
0.410515394143567,-0.195464379311236,393
0.40724863339182,-0.187646091807465,394
0.405299389807308,-0.18594996777499,395
0.410089716901488,-0.181061809076313,396
0.406740516230991,-0.182290579657192,397
0.408400313749949,-0.185608355625964,398
0.406201031730846,-0.184689259567971,399
0.403783920274903,-0.189840432861468,400
0.409845771863647,-0.191152245961367,401
0.408835436103123,-0.182686296467979,402
0.405771251168746,-0.18155914686735,403
0.406470977985558,-0.180605342030347,404
0.40964826353711,-0.184314098429237,405
0.398101896107916,-0.186788825723379,406
0.407458095390052,-0.18343721784784,407
0.404367238290277,-0.194334629229075,408
0.411393958728608,-0.183587715488399,409
0.403163625111418,-0.185038934784571,410
0.398251726819528,-0.17520992407149,411
0.40246110301242,-0.181479749634487,412
0.402140330081146,-0.186383312181954,413
0.395937501302128,-0.189923593810804,414
0.396035244253655,-0.193975097090772,415
0.404396159722166,-0.195605735057595,416
0.40909911309108,-0.188294712037591,417
0.406149262818342,-0.189516345420059,418
0.407026827219969,-0.19222374621875,419
0.407139062602627,-0.194648299088433,420
0.412242270618832,-0.189566506079531,421
0.407532656477328,-0.196066389462322,422
0.408399724128242,-0.192848994088001,423
0.404543367326341,-0.195968890453233,424
0.396582428709175,-0.195921308906823,425
0.404016813948959,-0.19492785455349,426
0.405705243570102,-0.194780819862598,427
0.400007921108054,-0.197280238705661,428
0.406480306330112,-0.193006659649959,429
0.396394320711282,-0.198487625565381,430
0.406162459537164,-0.19506888882035,431
0.404766064246066,-0.193382335958451,432
0.403170620220281,-0.206350595524061,433
0.409333982726811,-0.188813013616478,434
0.40294646135057,-0.185292337534887,435
0.40226633358013,-0.189062644240812,436
0.405334791616797,-0.194673624552505,437
0.401466056472149,-0.194121687584319,438
0.396819970205067,-0.190012501201522,439
0.391504684076552,-0.189863169408058,440
0.39721916380316,-0.183211722039982,441
0.403908832355452,-0.185855987348237,442
0.402292078189228,-0.192693104339276,443
0.405088841734699,-0.201248012363439,444
0.400021941131448,-0.192839414632882,445
0.395813238504939,-0.189793588539195,446
0.395480660277555,-0.189965588473395,447
0.404655624902882,-0.184141944438841,448
0.394992617408051,-0.184952527367105,449
0.40052268180027,-0.183426152731793,450
0.39985607353671,-0.190025255722898,451
0.402445452845762,-0.187270835351482,452
0.402109361713336,-0.19109987741938,453
0.399297599552316,-0.190172491393679,454
0.40359597038245,-0.189193649824173,455
0.403144541655573,-0.188475340260348,456
0.400095622994854,-0.188507197097009,457
0.401456314021643,-0.185658786119101,458
0.396943413812148,-0.194869762070859,459
0.402428078191674,-0.191934079812144,460
0.404008854094979,-0.195683809187542,461
0.403512435985778,-0.191578803545787,462
0.407711142544014,-0.193374055839757,463
0.402713914277984,-0.193125900414419,464
0.406784240768915,-0.19093520462577,465
0.416617988055166,-0.197040241353566,466
0.415503063891681,-0.196937033607488,467
0.415784816504841,-0.201408329377721,468
0.419673255715695,-0.194685780480891,469
0.420145446573316,-0.198930315105542,470
0.421310845419775,-0.207136249027642,471
0.411241388545951,-0.209845248615519,472
0.418785584712474,-0.213838228274451,473
0.422401749687895,-0.209955832450943,474
0.425358724563691,-0.21776521546747,475
0.424463751171051,-0.2111190309915,476
0.424105003370971,-0.21259323337195,477
0.417873540790572,-0.2074025993172,478
0.418123050347618,-0.206492336438194,479
0.407285558730417,-0.209402491751678,480
0.390122025899931,-0.197756255101213,481
0.391452750868222,-0.193015097213648,482
0.390885101651317,-0.195091533291775,483
0.385514075177195,-0.193216015188976,484
0.389537195684677,-0.191660984404703,485
0.389454047138407,-0.190295773446685,486
0.397868998174359,-0.185530269864621,487
0.391566271070154,-0.19004358102366,488
0.388494479751382,-0.190385406583265,489
0.384982912285263,-0.198779585508797,490
0.388209945504135,-0.194795465187759,491
0.385453454752445,-0.194132953373427,492
0.38884683887873,-0.195595767498145,493
0.378812970751481,-0.195626860163824,494
0.385301815238022,-0.191726398035937,495
0.381035757193684,-0.193298318384495,496
0.389761515146285,-0.192002806161565,497
0.395556426561154,-0.192638518934558,498
0.395979006952431,-0.196216318486047,499
0.388906581105507,-0.203479683954897,500
0.386481542222265,-0.194632570031995,501
0.39266494603185,-0.189274332563789,502
0.381878081367319,-0.192936828814633,503
0.373242594443169,-0.191803266194478,504
0.369968959834069,-0.206974746072779,505
0.376583209909776,-0.207369128367389,506
0.378323722616212,-0.207836937534741,507
0.37954188526465,-0.20955636466269,508
0.378226841348062,-0.210330938466228,509
0.378283445406481,-0.211925301449515,510
0.377626774188431,-0.213735125769522,511
0.382661577731987,-0.211388116035868,512
0.385781392027051,-0.216733366979501,513
0.388581052976933,-0.221008270520831,514
0.380578239764025,-0.220847396338731,515
0.383032661830613,-0.215412353571707,516
0.383340599181625,-0.214662354734321,517
0.38578128199195,-0.219786750342275,518
0.383298655278118,-0.219994075757483,519
0.38179883265538,-0.220197549293937,520
0.380157943945298,-0.221918866112384,521
0.375258553261342,-0.222365998521434,522
0.37078011241562,-0.226601919003995,523
0.363958377224426,-0.227218952075743,524
0.364258459247375,-0.225378098980571,525
0.360637032551095,-0.224590470380991,526
0.357890097342694,-0.227723473330943,527
0.357921299187427,-0.225514019053332,528
0.36125880771814,-0.219871300415934,529
0.364062360887255,-0.220610071757396,530
0.362253822751887,-0.221004774878749,531
0.355790138132564,-0.222604231458418,532
0.356551321051306,-0.223913774637953,533
0.364415209073746,-0.224585147034975,534
0.362537875281851,-0.221105582743208,535
0.363682010193896,-0.224929987965695,536
0.35833541945874,-0.226136426303497,537
0.364115436595305,-0.22719184745612,538
0.355190135543387,-0.231250606620753,539
0.359311256939112,-0.228610195286476,540
0.35812535846064,-0.227209334844206,541
0.353562811480283,-0.22939758816547,542
0.357400201141614,-0.227111334313218,543
0.363406858688901,-0.226177167901413,544
0.355650258086568,-0.222944677696625,545
0.352294380747364,-0.225061943769638,546
0.356726905687465,-0.224656254662033,547
0.348576750464944,-0.217793983501223,548
0.355436799310366,-0.221121302249765,549
0.357864157730577,-0.222873386464981,550
0.348463986709002,-0.223772595911227,551
0.355539581126315,-0.225581435218156,552
0.362678243936557,-0.226218668884524,553
0.35792327648214,-0.223662934727257,554
0.358457619574511,-0.230928389971342,555
0.360983448361736,-0.227972945507677,556
0.359600512948393,-0.228815270092471,557
0.355392725953125,-0.227185800984616,558
0.35647546037948,-0.221864544590292,559
0.354354454239286,-0.226860792088155,560
0.355468989126325,-0.227109029743899,561
0.355079190323963,-0.227585429306064,562
0.357170599439197,-0.224099031521091,563
0.356781922152582,-0.223840134889696,564
0.0645061683031672,-0.256833467212284,565
0.115403818174479,-0.269843252586886,566
0.0737638024548905,-0.274389688133984,567
0.024747468688947,-0.272267387474439,568
0.0303014707073889,-0.277152883627517,569
0.00928843366748985,-0.279341514849375,570
0.0125895659776584,-0.277855567710304,571
0.0226249501488766,-0.27813553604727,572
0.00886061023920224,-0.278344485771546,573
0.0147556379771007,-0.277334865703444,574
0.00222339402137743,-0.285105141717511,575
0.00443815087221309,-0.285155070341575,576
0.00538998391199923,-0.284160287595031,577
0.00707996046127171,-0.284899617231622,578
0.000613287295783853,-0.283700373014673,579
-0.0202073910699347,-0.284138473735533,580
-0.0104833274350578,-0.284126882124446,581
-0.0162458960609611,-0.282803037264358,582
0.0226234099355862,-0.282365883358085,583
0.0690357038996457,-0.279897475616723,584
0.0365984212135977,-0.278425552909164,585
0.0121331164009555,-0.27897636055247,586
-0.00799993333848556,-0.281343619720319,587
-0.002046138284525,-0.280394201078437,588
-0.00394935510835728,-0.2802031295652,589
0.00296988698049623,-0.28110350935444,590
0.00165481753450678,-0.282505128346583,591
0.0130235685349963,-0.281489795195788,592
0.00113225674895983,-0.28153505730823,593
0.00821695463400166,-0.288284983197427,594
0.0261808757256028,-0.303750499830996,595
0.0353240562815136,-0.29796633948005,596
0.0132362252594171,-0.291167315516561,597
0.00189842115268688,-0.293375623807467,598
0.00101044898738662,-0.294692653502058,599
0.013279548230775,-0.296248254396677,600
0.0178849850283939,-0.302526704004172,601
0.0167083458755731,-0.304945872844544,602
0.0791871021879199,-0.312627675553877,603
0.0603997144842835,-0.30393668079524,604
0.0548625092196397,-0.301861878805063,605
0.0297532131913041,-0.300120170485334,606
0.0197586977177453,-0.302509045797658,607
0.00301709968355348,-0.295597946384712,608
-0.000241965229109781,-0.298268931945564,609
-0.000137887532166288,-0.306418284340113,610
-0.00666351215101097,-0.310218576298946,611
-0.0118454452219632,-0.306087176545196,612
-0.0022233799989946,-0.310341583451753,613
0.0189989006530832,-0.312377228882232,614
0.00714873573077916,-0.308827350018216,615
0.000432851782450018,-0.307520950617686,616
0.0147118137682559,-0.309579217368899,617
0.00442268944516616,-0.307774033506666,618
0.00293482372606443,-0.312029655649971,619
0.0127375895777889,-0.305704911660859,620
0.00120227733167022,-0.304611558147222,621
-0.00263928966189316,-0.306894230797505,622
0.00248515610281737,-0.30235862999432,623
-0.00807121098852274,-0.305030821070152,624
0.00997637582661773,-0.305660551275493,625
-0.0107072856443045,-0.306288088998745,626
-0.0104346691893329,-0.310851996936263,627
-0.00756474049429504,-0.31099762981031,628
-0.0142199432265042,-0.314987106560199,629
-0.00991173807939091,-0.316935202003514,630
0.000651787262438954,-0.317192356403275,631
-0.00218218984650078,-0.312831054040665,632
-0.00198525519444201,-0.284157441525857,633
-0.0113496346585946,-0.277439642166155,634
-0.0193275016465932,-0.2768887981578,635
-0.030609658264896,-0.272994332165403,636
-0.030371661417421,-0.274946184117414,637
-0.0327800459542644,-0.275999836643891,638
-0.0343312161576386,-0.276825709158273,639
-0.0393399815330918,-0.272701157743018,640
-0.0361083322197901,-0.275262141424221,641
-0.036025450548041,-0.269950294670273,642
-0.0482685540164077,-0.266410715369885,643
-0.0506903309668719,-0.269883567431955,644
-0.0558512885572114,-0.273373904330508,645
-0.0455768187239867,-0.272047123330507,646
-0.0438084412979837,-0.273371365234421,647
-0.0385349701513157,-0.2728107229386,648
-0.0340047604733247,-0.271921285827736,649
-0.0188441703908202,-0.27385428090379,650
-0.038943386500729,-0.271170610657495,651
-0.034126071901775,-0.274102166344242,652
-0.0223687184327033,-0.276000075076257,653
-0.0339252126943471,-0.276011465665765,654
-0.0423674533716273,-0.278209987773799,655
-0.0521211658546399,-0.277647109318677,656
-0.0491493112061268,-0.277703011030198,657
-0.0460193537131895,-0.274665026686648,658
-0.0672367055467848,-0.280520691353246,659
-0.0560813506998595,-0.278599928772362,660
-0.0572559488396791,-0.276691264762747,661
-0.0478996080211222,-0.275838621492159,662
-0.0443007439251615,-0.274417090223362,663
-0.0296712943241209,-0.273132962366243,664
-0.0347993631091236,-0.273983318488485,665
-0.0344044909811282,-0.271442800871336,666
-0.0552013801712985,-0.274652146513567,667
-0.060086075888632,-0.27796044088769,668
-0.05395103323557,-0.280686010314176,669
-0.0640047029170526,-0.280607432041232,670
-0.0498015713172313,-0.280698462710385,671
-0.0455087496404574,-0.276091562918131,672
-0.054088610988665,-0.275854157675079,673
-0.0505748426787892,-0.275192750297442,674
-0.054617260045324,-0.273579620344508,675
-0.058358912270971,-0.275823127325921,676
-0.0700611730299374,-0.278567161279964,677
-0.0409877261808431,-0.275953158878729,678
-0.0384875421834483,-0.268108878972689,679
-0.038332487074011,-0.266884592686759,680
-0.046684484926689,-0.263568435137426,681
-0.0477402882525579,-0.268333874745876,682
-0.0438652112246752,-0.267424498546758,683
-0.0369592377240253,-0.262762115363952,684
-0.0504587092261148,-0.264208266618572,685
-0.0522006350976193,-0.266812398037191,686
-0.0420231907189272,-0.265426839738393,687
-0.0392014126291379,-0.261632751684735,688
-0.0420990650890396,-0.26001671789784,689
-0.0439371956073887,-0.269618624526433,690
-0.0372202458421319,-0.267788770955875,691
-0.0481899555199446,-0.269017135131463,692
-0.039628419584131,-0.266708669835303,693
-0.0562645867720029,-0.264745253173108,694
-0.0554564908805671,-0.264061749518278,695
-0.0619087318840558,-0.265056833852414,696
-0.0275820954603641,-0.269634275232259,697
-0.0360352990930425,-0.270665963583111,698
-0.0484532626505341,-0.265311099307228,699
-0.0589934073798251,-0.267506911635267,700
-0.0424625899059618,-0.265989074820736,701
-0.0460725343938123,-0.259729867371738,702
-0.0562889808693629,-0.261621853167077,703
-0.0579066015535399,-0.263210964409999,704
-0.0641138423452459,-0.26323553367284,705
-0.0598304035331294,-0.265012094944744,706
-0.0685151443208759,-0.267314078481587,707
-0.0712404789984393,-0.266169312200608,708
-0.059312449035168,-0.263743260146425,709
-0.0565147557776964,-0.26252785835791,710
-0.0653286060961923,-0.266543275892402,711
-0.0574294886046384,-0.262724379520171,712
-0.0488226697327347,-0.263614971906468,713
-0.0548248043381134,-0.260958346107511,714
-0.0654430808100692,-0.262731826093005,715
-0.0650347855942574,-0.265891943456996,716
-0.0610205857036695,-0.264334977535611,717
-0.059356241804697,-0.263862752408251,718
-0.0286822966755472,-0.263968097523825,719
-0.0372232041703416,-0.26466348542564,720
-0.0412217850718566,-0.264477385760614,721
-0.0488484090093127,-0.260340110405027,722
-0.0496460996740993,-0.257936461345119,723
-0.0479004986546491,-0.260270684136151,724
-0.0464273520601328,-0.259688140746564,725
-0.0597033415943903,-0.265253759970218,726
-0.0615120366283411,-0.269791734063764,727
-0.0294549293691828,-0.289226396674075,728
-0.0503647676019734,-0.28278115125154,729
-0.0536798660907451,-0.28033322569323,730
-0.0508292339765915,-0.281932537403601,731
-0.0480158370336741,-0.276850601298584,732
-0.0592882596068192,-0.277607271605636,733
-0.075768690058966,-0.28113653213888,734
-0.0697078011157679,-0.280586479253924,735
-0.0737615759949971,-0.280200177165548,736
-0.0570267751542119,-0.280743598345063,737
-0.0595594891291267,-0.281334858492461,738
-0.057561981897828,-0.280630277226468,739
-0.0618516845684079,-0.277292804484644,740
-0.0665450135328559,-0.282425726918016,741
-0.0625317156385944,-0.279306154742193,742
-0.0631339530464862,-0.280103146957739,743
-0.0615012183928934,-0.275455099563157,744
-0.0717238491156531,-0.281178935988652,745
-0.0617610932371208,-0.282852411618416,746
-0.0731006641246335,-0.284128454866868,747
-0.0656275336195355,-0.286363907318665,748
-0.0629396575371833,-0.282808335650545,749
-0.0543127028936918,-0.279893086359118,750
-0.0607545420900557,-0.278076004374895,751
-0.0611489118247185,-0.280014676500872,752
-0.0652985471933037,-0.280521211123782,753
-0.0716596164737098,-0.282536487998862,754
-0.0677790895319907,-0.281895867912537,755
-0.0637574883998615,-0.281624316432305,756
-0.0688060807193223,-0.283319896195793,757
-0.0713020200080153,-0.283725452180026,758
-0.06846823403908,-0.286494781022909,759
-0.0578855722212804,-0.288176780533086,760
-0.0580211824017598,-0.286584297405559,761
-0.0612138169613199,-0.284336781805806,762
-0.0625672529492443,-0.281217740797774,763
-0.0734754702839374,-0.284122950465351,764
-0.081770910739174,-0.283913571863877,765
-0.075901084559509,-0.282818622763982,766
-0.0510798391680598,-0.270455273231952,767
-0.0506919283359467,-0.275310621188979,768
-0.0516002273836555,-0.276620148405436,769
-0.0364825835433994,-0.28104260417153,770
-0.0415523863642803,-0.281939817042523,771
-0.0575583499232719,-0.281638031674218,772
-0.0558754272933799,-0.283428568112566,773
-0.0555563320851254,-0.281763784749757,774
-0.0674507292508563,-0.28137656112653,775
-0.0574739396378696,-0.280917643257591,776
-0.0532747325223074,-0.280139620307499,777
-0.0535836480029283,-0.281653531065381,778
-0.0590155903967514,-0.289187854933678,779
-0.0464738389828161,-0.289422041829723,780
-0.0571606476692321,-0.279960004331341,781
-0.0601719500049312,-0.277818161023862,782
-0.0596603742741206,-0.275326997393177,783
-0.0503118400815088,-0.276013234884253,784
-0.0562312111468543,-0.279372257608947,785
-0.0523779867624488,-0.278426748855502,786
-0.0510480787556015,-0.278849610357938,787
-0.0599342279643495,-0.281024700980457,788
-0.051377242749853,-0.279821611181618,789
-0.0646958267060375,-0.281215416630594,790
-0.030897499355105,-0.279884601925111,791
-0.0434234638295699,-0.278317662462199,792
-0.0638211970441732,-0.277197598303202,793
-0.0579691530886478,-0.276274835822413,794
-0.062149418531659,-0.280186464334981,795
-0.0576044043357848,-0.277742926103541,796
-0.0577166628271294,-0.276874764234868,797
-0.0527570933691878,-0.277105684770498,798
-0.0531114466402848,-0.274208932300769,799
-0.0597494304802469,-0.272951608536709,800
-0.063257342764043,-0.277171302986786,801
-0.0715779795929827,-0.276589786393361,802
-0.0732442272797734,-0.2786925596859,803
-0.064546600917647,-0.274751305540851,804
-0.0569806652443461,-0.278384309118345,805
-0.0640676121098283,-0.278621722477614,806
-0.0522338188689835,-0.278858241707572,807
-0.0560824756640361,-0.276323789020533,808
-0.0570780088865635,-0.276652986758267,809
-0.0620941223450598,-0.277625755176317,810
-0.0591602400805192,-0.283058273795587,811
-0.0672394420694745,-0.279587730133472,812
-0.0611522220555529,-0.275439122506808,813
-0.0553858504486295,-0.275974427301619,814
-0.0470885094656226,-0.277026054441926,815
-0.0604174607722499,-0.277288106063349,816
-0.0833190585968847,-0.288281365827378,817
-0.0739313780916278,-0.281737734874556,818
-0.0757954187464737,-0.279281376113879,819
-0.0711838032295312,-0.278175413089871,820
-0.0752129984956874,-0.277885444698405,821
-0.08194151713412,-0.277370737192038,822
-0.0707520310637588,-0.276471181779033,823
-0.0414522791643282,-0.272187156927322,824
-0.0516091807185689,-0.264279730694004,825
-0.0377642336571726,-0.270027789870092,826
-0.0441355585374768,-0.267270241993244,827
-0.0402108926544192,-0.262804724269853,828
-0.0445265275884172,-0.257908434101455,829
-0.0505086413622925,-0.253975655727591,830
-0.0518149447403399,-0.253659807741318,831
-0.0631787499863204,-0.257953392179091,832
-0.060423042405883,-0.254432116737153,833
-0.0571610416673505,-0.257224684139811,834
-0.0499383408654802,-0.258078313058714,835
-0.0402332115191387,-0.251100903542738,836
-0.0444664668034937,-0.252881709434431,837
-0.0452137597241645,-0.254594164700258,838
-0.054091702980695,-0.252704765695835,839
-0.0460028954992629,-0.254123961369897,840
-0.0302119652171443,-0.25139679896926,841
-0.0236637220996375,-0.250688693551894,842
-0.0297687295352413,-0.24566970486901,843
-0.0450427557967003,-0.235861472556113,844
0.0625758346234143,-0.246359902273782,845
0.0239082226858808,-0.238476893019455,846
-0.00303835771518622,-0.229872497713826,847
-0.0296669976462099,-0.228854807705249,848
-0.0333716755663865,-0.233071988552212,849
-0.0347082062113712,-0.233666044281293,850
-0.0317545728601262,-0.236767547069588,851
-0.042633254778352,-0.233388075805319,852
-0.0383180977725135,-0.235311557075566,853
-0.0442857582974237,-0.234497874264365,854
-0.0464829892874025,-0.233854478820921,855
-0.0510006704231978,-0.233077495799354,856
-0.0419000736053387,-0.231710980043563,857
-0.049143760001047,-0.237861465357417,858
-0.0540521306960011,-0.240294942329065,859
-0.0604350850514459,-0.246248410602689,860
-0.0650883025612548,-0.244970029966031,861
-0.0723529889173077,-0.251098430554185,862
-0.0661226474535445,-0.250706431741803,863
-0.051668011805075,-0.25304275041866,864
-0.0406288947575128,-0.248902852815306,865
-0.0193987616245523,-0.246426373056387,866
-0.0391751375909901,-0.237287793371431,867
-0.0288812134411363,-0.239060699441895,868
-0.0328001907100296,-0.237985740758121,869
-0.027167308281816,-0.241880596681254,870
-0.0429930079638498,-0.23920351649823,871
-0.0672777340344756,-0.240552089545357,872
-0.0645482382940743,-0.239075161394311,873
-0.0625470124638791,-0.240182482150795,874
-0.0576464489741319,-0.239266202353538,875
-0.0569941318396386,-0.239424170130917,876
-0.0498761997462671,-0.23595409937889,877
-0.0571047455992707,-0.238233956420969,878
-0.0453578265172438,-0.239048233905099,879
-0.0471703565705551,-0.236267014318868,880
-0.0567542909103632,-0.238127612633564,881
-0.0513194542211025,-0.238061560768219,882
-0.0638094205732723,-0.237443975770658,883
-0.0578189603507145,-0.23422256242787,884
-0.0537127333162449,-0.231998412514566,885
-0.0537298082119027,-0.234478653375871,886
-0.0436671314916974,-0.234825456213201,887
-0.0448899709204533,-0.229020624848926,888
-0.0438313207967732,-0.222913860934576,889
-0.0526163040374373,-0.221081326772004,890
-0.0583003651890618,-0.223879015795363,891
-0.073560136871453,-0.228307195214132,892
-0.0690392526728427,-0.229235468169907,893
-0.0719362016583808,-0.227147991774773,894
-0.0760563726093563,-0.230465769614737,895
-0.0734023994413743,-0.227108826324291,896
-0.0689295836226481,-0.222712319598674,897
-0.0688936232400904,-0.220015718192289,898
-0.0492986589145278,-0.211996918030938,899
-0.0538713805586311,-0.208959419877506,900
-0.049967226182493,-0.206983745676709,901
-0.0504660476631611,-0.210307542510035,902
-0.0642427651664558,-0.215974523781476,903
-0.0707750586028252,-0.215500884825093,904
-0.067854539673933,-0.215066067560648,905
-0.0526060112125993,-0.209959679798407,906
-0.0602221042347635,-0.204612252197724,907
-0.0170873692495975,-0.208433897018772,908
-0.036729654023271,-0.209043480983188,909
-0.040735051879583,-0.212594117861789,910
-0.0479043739036534,-0.211547779862501,911
-0.049987680569475,-0.209205292311673,912
-0.0381916013969575,-0.207408999696712,913
-0.0564910256382724,-0.206467777342765,914
-0.0573184418819496,-0.205449991310108,915
-0.0497454468890248,-0.20370920500824,916
-0.0314663505357605,-0.206092822596269,917
-0.0282586928944169,-0.20148421472588,918
-0.0352036658889514,-0.202705679998451,919
-0.0331442266932777,-0.207823849967438,920
-0.0426192858513772,-0.203430409009375,921
-0.0661234569611475,-0.204239134831842,922
-0.0582468576133878,-0.199149309036471,923
-0.0414281178908628,-0.201522319341196,924
-0.053596479538575,-0.206273226674767,925
-0.0334754210819859,-0.208972028821114,926
-0.014119280594582,-0.209410781817055,927
-0.0174552263473754,-0.20572874316722,928
-0.0377328426720316,-0.204099229938038,929
-0.051394812783315,-0.208015283016413,930
-0.0510071091274812,-0.207378644028493,931
-0.0440846266225867,-0.205540437309342,932
-0.0464131337900205,-0.204881707386537,933
-0.0484690047607706,-0.20730117213949,934
-0.0685933190054459,-0.205889930759973,935
-0.0764109724635203,-0.210259923619201,936
-0.0766165046862732,-0.212446813756606,937
-0.0694303971251903,-0.214353955254035,938
-0.0680692184941981,-0.213141616658867,939
-0.0699645473135442,-0.218378131360413,940
-0.0772714065698082,-0.222585951058087,941
-0.0776682321520899,-0.221951669788504,942
-0.0740301419821318,-0.213975005023243,943
-0.0648780070512417,-0.211057397580882,944
-0.0635633898260064,-0.214905644446642,945
-0.0633676926970425,-0.218296856913044,946
-0.0744212516088802,-0.216594485838808,947
-0.0671199836230922,-0.214417231009009,948
-0.0776784555764022,-0.216297076537367,949
-0.0698078312374303,-0.216021055861641,950
-0.0589383665483012,-0.219282223427518,951
-0.0475838581349074,-0.215884714346943,952
-0.0405016432223538,-0.207705554706915,953
-0.0507824968898923,-0.215056992498528,954
-0.0519979544282321,-0.218915403756295,955
-0.0524146062843617,-0.216027725192106,956
-0.043529126854095,-0.21180515004018,957
-0.0345318070375799,-0.211265726389713,958
-0.0434095322246497,-0.209349816702954,959
-0.0526009046804319,-0.211788456036327,960
-0.044238670190647,-0.21546756265562,961
-0.0651025636015245,-0.217519362585725,962
-0.0567636087433037,-0.217854329942444,963
-0.0658084225577904,-0.214349290590428,964
-0.0481141598027671,-0.216426938809981,965
-0.172792862099411,-0.102321988768773,966
-0.164497411059622,-0.0982889189858871,967
-0.193146881909312,-0.0968947503791172,968
-0.209589058678766,-0.0932941820016192,969
-0.212088336207183,-0.0926300267932067,970
-0.199814878306984,-0.0975868216804465,971
-0.193085192369713,-0.0968208241180855,972
-0.179182898461872,-0.0965612670914767,973
-0.201114998349874,-0.0905456331596614,974
-0.190624785028965,-0.0872471265662125,975
-0.205674116005664,-0.0878081372457696,976
-0.205304217851912,-0.0868415091868717,977
-0.206325572533033,-0.0856479343083023,978
-0.180174878519466,-0.086027131408125,979
-0.180079505673203,-0.0866534875105975,980
-0.181587197395761,-0.0929235671221859,981
-0.18174296455979,-0.0931726176792038,982
-0.197815473173946,-0.090156948888411,983
-0.192656126899668,-0.0926234071759037,984
-0.202172095012942,-0.0907506105972767,985
-0.195795723280423,-0.0930404981876247,986
-0.191715010081636,-0.0931212892097471,987
-0.174123803328089,-0.0916252817354877,988
-0.166310805496025,-0.0906646144134505,989
-0.178984579039334,-0.0895732773231822,990
-0.176046452797675,-0.0900418124043657,991
-0.158136733177308,-0.0924895613937259,992
-0.166921373380735,-0.0920303318469733,993
-0.165820444873432,-0.0934047887373986,994
-0.17070606834075,-0.0954959324673001,995
-0.167478936859129,-0.0939934927076345,996
-0.174941999066514,-0.0945862217706818,997
-0.166233205851678,-0.0958557875943347,998
-0.16211377316242,-0.0970592764534892,999
-0.180611321085976,-0.0988037549163682,1000
-0.162097135757695,-0.0970080051073895,1001
-0.161729106365376,-0.0969130969447719,1002
-0.150824464370807,-0.0976165990890536,1003
-0.157020481331533,-0.0929331032619187,1004
-0.182998983139868,-0.0917067042323751,1005
-0.182581539597834,-0.0982523736158396,1006
-0.171594297921479,-0.0957464155809752,1007
-0.161497107958205,-0.0955926709587367,1008
-0.14951456074662,-0.0949155582515234,1009
-0.160661679450896,-0.0914313543907808,1010
-0.159003333136537,-0.0946503907526008,1011
-0.160163472145143,-0.100351417635688,1012
-0.162466634146496,-0.0911633837035138,1013
-0.159870882864262,-0.0927227537213933,1014
-0.141416279805475,-0.0969222698637496,1015
-0.158803289521476,-0.0964920574553918,1016
-0.156788069723449,-0.0949511564331868,1017
-0.176174016010477,-0.0945957083972281,1018
-0.198389696931139,-0.0983588884100013,1019
-0.198268605610894,-0.0992032572455633,1020
-0.184986592645571,-0.0868865738339235,1021
-0.176799820307732,-0.0792300767505136,1022
-0.198607639184063,-0.0769066778106586,1023
-0.172208030441321,-0.0806620532324411,1024
-0.143843265691007,-0.0836915386203122,1025
-0.144824413653415,-0.0848115768914418,1026
-0.155838857522033,-0.0825796657846664,1027
-0.164920382867803,-0.0771586310181872,1028
-0.160665933741309,-0.0737314878396048,1029
-0.160971741331375,-0.0688464495656771,1030
-0.160779830686417,-0.0653684273121906,1031
-0.147760901277439,-0.0650244998168976,1032
-0.141077751748374,-0.0630127543883124,1033
-0.149570857129612,-0.0627084881083045,1034
-0.151642067122407,-0.0633959922932805,1035
-0.154541355189394,-0.063934722123463,1036
-0.151673029902817,-0.0628351400645272,1037
-0.168412736015198,-0.0601434366752366,1038
-0.164252101155361,-0.058035269749727,1039
-0.15462746806085,-0.0504175444007319,1040
-0.14797629275945,-0.0405542602136073,1041
-0.155266012140886,-0.038984279987414,1042
-0.152563292753373,-0.0394465247155727,1043
-0.150432953394477,-0.0396682197520024,1044
-0.149415242852108,-0.0408021359748234,1045
-0.157122083690041,-0.0360993411662766,1046
-0.159379585780897,-0.0380686971007553,1047
-0.102001990712312,-0.0383040523771012,1048
-0.114574443872399,-0.0345718341313857,1049
-0.144532266006219,-0.037877371849614,1050
-0.165121969573241,-0.0378372262741479,1051
-0.181631082047226,-0.0353241399129762,1052
-0.167481138214699,-0.0360261465366835,1053
-0.135459149346509,-0.0353317304806343,1054
-0.116916261135545,-0.0347028347649075,1055
-0.133359105286083,-0.0354812026622892,1056
-0.156203173771066,-0.03619353495096,1057
-0.154836195796902,-0.0377810655067347,1058
-0.158824414209964,-0.0383732227763775,1059
-0.152085185876482,-0.0414671152055789,1060
-0.136399814089954,-0.0403835599502532,1061
-0.15658217359318,-0.0406984728461904,1062
-0.149917851992406,-0.0376937181890023,1063
-0.1527519359365,-0.03745474947136,1064
-0.156105272523558,-0.0356453033407604,1065
-0.158233177149412,-0.0357347056027641,1066
-0.160445299876526,-0.0373316825647593,1067
-0.167305767963945,-0.0383769787686466,1068
-0.167674613596763,-0.0374642703216935,1069
-0.160529724098332,-0.0383978965110276,1070
-0.147275470875697,-0.0385408894359305,1071
-0.156133047175435,-0.0409113872540039,1072
-0.153756913440152,-0.0419027695954047,1073
-0.140665047752508,-0.0403302584809474,1074
-0.146809494781646,-0.0378842551406712,1075
-0.155318359585766,-0.0518633231369691,1076
-0.157811318888767,-0.0506760195589813,1077
-0.168147086156185,-0.048255175503753,1078
-0.173534023491704,-0.0486400767697584,1079
-0.179471589400406,-0.0466098517711303,1080
-0.171579733376036,-0.0481511374217796,1081
-0.156445941228477,-0.0487429987451674,1082
-0.158364935805812,-0.049980196110609,1083
-0.166947076493473,-0.0487845676314282,1084
-0.155322042384911,-0.0533306058934533,1085
-0.148406687944203,-0.052521111813704,1086
-0.165838360320546,-0.0493007471429684,1087
-0.159329025801421,-0.0513482516399757,1088
-0.170599829105032,-0.0498922274453045,1089
-0.155353783822857,-0.0531106868571207,1090
-0.156901763474569,-0.0492401622374962,1091
-0.158401693041368,-0.0538395098715888,1092
-0.156440186876878,-0.0507963063431479,1093
-0.156090670637026,-0.0506505427951718,1094
-0.153024665384556,-0.0454825442031933,1095
-0.159317534954892,-0.0491363367694414,1096
-0.165154616290186,-0.0482038562183377,1097
-0.159768619851501,-0.046185707696588,1098
-0.161153771454924,-0.0445385006349463,1099
-0.141032845941373,-0.0506768427521492,1100
-0.161066540442097,-0.0527066247340885,1101
-0.144424167680014,-0.049501778528798,1102
-0.150697937704888,-0.0501905477263896,1103
-0.149922568667604,-0.0495257051712723,1104
-0.162512468980113,-0.046224280450387,1105
-0.165933733130311,-0.0480971827243754,1106
-0.163073972782497,-0.0494501895945098,1107
-0.159800916153728,-0.0497494069743099,1108
-0.165377963348241,-0.0469626236027609,1109
-0.163839368200094,-0.0491097309320501,1110
-0.161844767883167,-0.0491292204816799,1111
-0.162402170765579,-0.0479886241423152,1112
-0.168823910891089,-0.0456398992316085,1113
-0.162603858288921,-0.0502870464620991,1114
-0.159546165812985,-0.049652365168212,1115
-0.150218610238904,-0.0524966954457001,1116
-0.149582564986933,-0.0531359400950907,1117
-0.15192737279694,-0.0553833759093055,1118
-0.16223133882867,-0.048351158073645,1119
-0.157148853511165,-0.0491155569950935,1120
-0.124314311004954,-0.0523531445218963,1121
-0.143256958782197,-0.0508041844674979,1122
-0.151997213838305,-0.0506188005295751,1123
-0.155284412928553,-0.0496236370230926,1124
-0.165617718785134,-0.0482245102510334,1125
-0.158402052769825,-0.050577372718621,1126
-0.163685937942622,-0.048402234458992,1127
-0.171505062445112,-0.0496639924114334,1128
-0.170278838194458,-0.0483766295502898,1129
-0.163401598651381,-0.0509835334307169,1130
-0.162994138651309,-0.0484093328179764,1131
-0.164215215205753,-0.0506552218990984,1132
-0.164944109950036,-0.0483525255506479,1133
-0.156524755934396,-0.0475412636494501,1134
-0.135767147768641,-0.0471184681755938,1135
-0.132924546834505,-0.0496239584522215,1136
-0.135526274736673,-0.0478539793095931,1137
-0.131819836319507,-0.0501564275326773,1138
-0.126673761022475,-0.0485180750343423,1139
-0.143709552082337,-0.0461286060404997,1140
-0.155056678577679,-0.0489614835939441,1141
-0.136153271890928,-0.0483267308013342,1142
-0.147011302944204,-0.0489948252844245,1143
-0.146580394846375,-0.048895950197895,1144
-0.172794706368751,-0.0476990527079347,1145
-0.168459763223331,-0.0478161127047013,1146
-0.148396151754866,-0.0504141144469173,1147
-0.165729553772639,-0.0535174874308808,1148
-0.155563688852465,-0.0480972705566126,1149
-0.153142393517375,-0.0414536533594591,1150
-0.157385321569821,-0.0364574883787212,1151
-0.185292216750067,-0.0386610595766858,1152
-0.17149967398133,-0.0346086546127687,1153
-0.166667220169386,-0.0359220878488706,1154
-0.144950844486542,-0.0327749587050864,1155
-0.133090748842529,-0.0329860232095348,1156
-0.141233526229444,-0.0300766800571797,1157
-0.156800703913392,-0.0290638190540208,1158
-0.149634745097055,-0.0309279410465168,1159
-0.160060633104107,-0.0312564184104463,1160
-0.164346143857059,-0.0295347002049178,1161
-0.186164198485898,-0.0295619055205949,1162
-0.173898093960709,-0.0346945020673427,1163
-0.148972488208331,-0.0361158041529177,1164
-0.156621148016622,-0.0328806022501329,1165
-0.164779702370597,-0.0364690635992151,1166
-0.156448487379815,-0.0351169418349991,1167
-0.145128594104813,-0.0410551318217456,1168
-0.151956954882313,-0.037812084517333,1169
-0.151478390165095,-0.034062347096475,1170
-0.182009972600688,-0.03906237292168,1171
-0.164610397670703,-0.034934200466951,1172
-0.160782411838835,-0.0354851400352934,1173
-0.145896029268115,-0.0368808643800715,1174
-0.143695172614509,-0.034553107624697,1175
-0.139133488382186,-0.0390406255799082,1176
-0.145775286707965,-0.0377424088969715,1177
-0.144063400141023,-0.0410129024693908,1178
-0.134935943359868,-0.0366805362312809,1179
-0.154250665157506,-0.0360515609460842,1180
-0.14973003050298,-0.0353140926075114,1181
-0.159024092812303,-0.0334929934022622,1182
-0.147924827223838,-0.0384555023191181,1183
-0.143818418317678,-0.0354876251543568,1184
-0.147343198581761,-0.0364612307722336,1185
-0.155969237647972,-0.0326949982541287,1186
-0.15523213081904,-0.0327034877421895,1187
-0.142103786851487,-0.0363325244554903,1188
-0.146291511979681,-0.0385979944064236,1189
-0.129497226285871,-0.0353495519675855,1190
-0.138445237732773,-0.0377790626360326,1191
-0.220902268015258,-0.0167909349678839,1192
-0.221798789124931,-0.0362722981493401,1193
-0.186766542176732,-0.0393529624875454,1194
-0.182868333126199,-0.0330259773109972,1195
-0.17309290844672,-0.0349793413034004,1196
-0.129653737435804,-0.0371340477425531,1197
-0.136720605110771,-0.0365962121814266,1198
-0.13329182169203,-0.0388122533144832,1199
-0.163001270509804,-0.0341915822276308,1200
-0.162978307144327,-0.0424008442303021,1201
-0.154670850947527,-0.0379792405397958,1202
-0.156343367428119,-0.033064893239392,1203
-0.153989233542893,-0.0290542495341576,1204
-0.153921947625738,-0.0348080990232934,1205
-0.140842142550136,-0.034424640794709,1206
-0.14260150505443,-0.0318833243538553,1207
-0.142472329596503,-0.0333980108696479,1208
-0.170585507521133,-0.039247936146543,1209
-0.168173346140874,-0.0367109452227326,1210
-0.171500157555785,-0.0347748073939067,1211
-0.162984685973245,-0.0329864151433778,1212
-0.157449801300175,-0.0339313331934325,1213
-0.156264474623725,-0.0300805400936209,1214
-0.145778265965388,-0.028084382230774,1215
-0.165107557444146,-0.0270948063213685,1216
-0.180610970756353,-0.0316723818753577,1217
-0.166744589723436,-0.0285667974564136,1218
-0.172087360096361,-0.0344245951780596,1219
-0.131778001193943,-0.0264557000998905,1220
-0.139621964513636,-0.0314964949375713,1221
-0.15828924733504,-0.0311685815511929,1222
-0.168562307880926,-0.028862790001272,1223
-0.170225762545246,-0.0265122449159131,1224
-0.169935718850579,-0.0272896151853731,1225
-0.166705450697193,-0.0240955138174575,1226
-0.162177036376832,-0.0211129221121211,1227
-0.143225463993583,-0.0247127458993989,1228
-0.155935640455285,-0.027091015833762,1229
-0.156623853653892,-0.02778945856327,1230
-0.164974764629157,-0.0292516919557006,1231
-0.156783503399703,-0.0229296244909798,1232
-0.162064028833604,-0.0286526114220222,1233
-0.157926684046297,-0.0270542347201127,1234
-0.14974851402337,-0.0275798391846776,1235
-0.1541068230035,-0.0282567560706855,1236
-0.172201419750245,-0.0244490663427563,1237
-0.179697705013296,-0.030618238669053,1238
-0.172233110591341,-0.0302871171687906,1239
-0.119924231725237,-0.0316893310026089,1240
-0.152204453076146,-0.0312510941831377,1241
-0.1548657195141,-0.0281463604722944,1242
-0.158771800274844,-0.027720996693659,1243
-0.156389561174616,-0.0296058127225411,1244
-0.161226718206939,-0.0288414882513629,1245
-0.16639015563466,-0.0299935510473562,1246
-0.172930432831459,-0.0284069112001702,1247
-0.157896298639729,-0.0297233215831028,1248
-0.169042633891678,-0.0296683161705783,1249
-0.163039362932339,-0.0296745924324518,1250
-0.177084527833605,-0.0241806838185762,1251
-0.154725631927375,-0.0295858148728911,1252
-0.146020036050069,-0.0274744552657055,1253
-0.158852379009972,-0.0271221961795204,1254
-0.159154342943675,-0.0239840213880342,1255
-0.169770161560799,-0.0251984016216293,1256
-0.150203276014494,-0.0251877427082705,1257
-0.161407522673187,-0.0290121051141379,1258
-0.14423467307333,-0.0263603460303226,1259
-0.141766595013456,-0.0256225697398321,1260
-0.142907096977864,-0.0234514033412736,1261
-0.169123986051619,-0.0298734349053809,1262
-0.16569288461257,-0.0294180759347904,1263
-0.169381781250405,-0.0222954148113949,1264
-0.164725977277751,-0.0257740092451805,1265
-0.145643418375318,-0.0264752735005694,1266
-0.143779954138307,-0.0226638436820163,1267
-0.157568600628118,-0.0245053250589128,1268
-0.135869031710882,-0.0244159505282286,1269
-0.140953503025671,-0.0270675921776571,1270
-0.156954736575434,-0.0268100102517355,1271
-0.158785689891724,-0.0234350000170744,1272
-0.148365703190562,-0.0240942946018583,1273
-0.152865554105362,-0.0237057268365114,1274
-0.157357253223822,-0.0215271023494879,1275
-0.133576689872544,-0.017837078776468,1276
-0.104948720931134,-0.018616612764608,1277
-0.123016438180328,-0.0229474839800149,1278
-0.147962347527322,-0.0246690989916716,1279
-0.146719397462474,-0.0257311060417195,1280
-0.162968254234245,-0.0229548852169139,1281
-0.162171448230987,-0.0244442840427191,1282
-0.163984254680213,-0.0252753962611872,1283
-0.18660542125052,-0.0243695767587492,1284
-0.171906212856382,-0.0229234475286311,1285
-0.159299867465731,-0.0262765124215316,1286
-0.168455879849495,-0.0251059747656932,1287
-0.168349587036965,-0.0237596265604241,1288
-0.198212435751217,-0.0216115044771497,1289
-0.164476758589247,-0.0243960112048689,1290
-0.158752953028608,-0.0243261073428875,1291
-0.132606561846935,-0.0223341512138189,1292
-0.131967124470364,-0.0226429816330764,1293
-0.144680857047497,-0.0235404801391773,1294
-0.151252612310289,-0.0247535026640724,1295
-0.143220606644344,-0.0242994129485241,1296
-0.130977936039215,-0.0252823057109126,1297
-0.158903034250498,-0.0229053381498739,1298
-0.154924118650213,-0.0248389755870229,1299
-0.157942729713378,-0.0277667822175552,1300
-0.157786832218985,-0.0247566057079747,1301
-0.159304617174236,-0.0228856932633836,1302
-0.154249978020712,-0.0298052393056142,1303
-0.134509978462731,-0.0299643611206773,1304
-0.169807735124939,-0.026019097870122,1305
-0.175535052084681,-0.0289882950174404,1306
-0.171099470128585,-0.0303749917312829,1307
-0.163440370076966,-0.0305647462166741,1308
-0.160940741318728,-0.0311868031842996,1309
-0.15722316567647,-0.0291829291498813,1310
-0.153823044959139,-0.0297929290258899,1311
-0.179603950420281,-0.0271394130882118,1312
-0.196515854494843,-0.0244912342734169,1313
-0.190855234379029,-0.0273679896155951,1314
-0.174313882201737,-0.0269721957866628,1315
-0.175172024569107,-0.0290458719083512,1316
-0.162611381725063,-0.0301638218557297,1317
-0.161274081438576,-0.0281281180673904,1318
-0.158392847292959,-0.0310562791506801,1319
-0.155243832169216,-0.0304461123452603,1320
-0.158507977327944,-0.0293903746036931,1321
-0.161285524571529,-0.0276155574394934,1322
-0.171930957964514,-0.0255405765700454,1323
-0.169295041410137,-0.026683928058125,1324
-0.147281626818542,-0.0271583252712244,1325
-0.179738946430768,-0.0237470684560489,1326
-0.165609445833988,-0.0255374963338607,1327
-0.158427279009651,-0.0310226687221366,1328
-0.16202770818685,-0.0277389519779947,1329
-0.171580558163419,-0.0261733230680429,1330
-0.165673983661876,-0.0305845127486408,1331
-0.172328414447736,-0.0308201892677228,1332
-0.169289955446561,-0.0338352940738332,1333
-0.177549643794065,-0.0260932181961713,1334
-0.177775767226742,-0.026604895154941,1335
-0.169012738332639,-0.0233092863509969,1336
-0.164181113782097,-0.0261841220893335,1337
-0.162296921575512,-0.0268296623830496,1338
-0.157147276652134,-0.0282989779451186,1339
-0.15683776246293,-0.0306193513689113,1340
-0.177774969549134,-0.0261844288621309,1341
-0.169888718662407,-0.0282929575695122,1342
-0.165071707401166,-0.0252943417452799,1343
-0.149871993243742,-0.0271215029136357,1344
-0.151745326153496,-0.0290398379989096,1345
-0.149627675376624,-0.0271909014003966,1346
-0.157012249499162,-0.027631989098873,1347
-0.165839077873588,-0.0286311350281316,1348
-0.171852249301425,-0.0269463759920223,1349
-0.225417828828119,-0.024872132835075,1350
-0.209431083459356,-0.0296936031291346,1351
-0.177620766525967,-0.0290486848164807,1352
-0.164575125087779,-0.0302332739020761,1353
-0.158041547198192,-0.0274414793488878,1354
-0.164413471160336,-0.0305555324946821,1355
-0.173935840918883,-0.0290880912840547,1356
-0.163817132044513,-0.0236227060889867,1357
-0.161082243849142,-0.0249623945340485,1358
-0.166860638105196,-0.0241890015782649,1359
-0.157932450777,-0.027386346893469,1360
-0.16268742636117,-0.0237622510011569,1361
-0.164976534836404,-0.0254824714388843,1362
-0.169120172209758,-0.0253203323220466,1363
-0.18450909981096,-0.0351303638386563,1364
-0.177867189983206,-0.0327923233755438,1365
-0.163349142803731,-0.0282235795423621,1366
-0.159997680636622,-0.0276274595639672,1367
-0.163146509099245,-0.0283089789167354,1368
-0.166841668435866,-0.0279239488902815,1369
-0.175544840170233,-0.0293296083595075,1370
-0.161845747250002,-0.0305704919820118,1371
-0.141186500018928,-0.0279506021566126,1372
-0.163436537187404,-0.0276633421878076,1373
-0.162496366771893,-0.0288936671840983,1374
-0.162536003137953,-0.0283499651908425,1375
-0.160519295294768,-0.0280703118927755,1376
-0.167956087933216,-0.0325730629228665,1377
-0.168391426032815,-0.0294250313097627,1378
-0.145923267160546,-0.0298311021815471,1379
-0.147672466476326,-0.0299464993707702,1380
-0.163476864461138,-0.0313128749803858,1381
-0.166100561067442,-0.0303657792940759,1382
-0.160509177421242,-0.0297474348303332,1383
-0.162330281992459,-0.0279454845634866,1384
-0.132687154776761,-0.0315276839844431,1385
-0.157345271259832,-0.0287236565171157,1386
-0.177721488749776,-0.026473429608516,1387
-0.186364246783199,-0.0267808771725387,1388
-0.192708802414182,-0.0297015723340296,1389
-0.183132748106146,-0.0279520918224377,1390
-0.14824023158867,-0.0286013460509308,1391
-0.0522594438594976,-0.0207420204155045,1392
-0.0827492697712418,-0.0241454792898727,1393
-0.146509549314795,-0.0319189484967827,1394
-0.154737579391395,-0.0321790023202353,1395
-0.1494235406175,-0.0307350458958623,1396
-0.173387570956685,-0.0291968770948047,1397
-0.151049297624742,-0.0301704523219065,1398
-0.157442372760698,-0.0297117101091596,1399
-0.164154539737552,-0.0288287289675676,1400
-0.173796561579346,-0.0249337056498654,1401
-0.1799401414781,-0.0276552150955605,1402
-0.176474779349816,-0.0269661081941863,1403
-0.164253418067188,-0.0240339639796501,1404
-0.150728826592233,-0.0260343541288434,1405
-0.159288621806238,-0.0198237845700454,1406
-0.174793263135065,-0.0237971076463335,1407
-0.144388140946959,-0.0265300557709232,1408
-0.15192556674245,-0.0273561651081092,1409
-0.157865639909248,-0.0265869410977492,1410
-0.135265271680798,-0.0292404895947532,1411
-0.15615191194126,-0.0321023241339501,1412
-0.148767488800968,-0.0293332077958933,1413
-0.152674316917772,-0.0305716813060856,1414
-0.16536699196832,-0.0268517840119921,1415
-0.169190764564215,-0.0289248315965472,1416
-0.157267608671934,-0.024865335703595,1417
-0.15415388146321,-0.0263085357131592,1418
-0.169548732362911,-0.0276184849556045,1419
-0.171524949987242,-0.0280619633631618,1420
-0.139623339384906,-0.0171608791195674,1421
-0.154478055477747,-0.0205744054603337,1422
-0.158830773734883,-0.0207934653004085,1423
-0.158825711349376,-0.0204740997652641,1424
-0.173376625977807,-0.0248342805741744,1425
-0.176973030332085,-0.02424338198194,1426
-0.17615245687001,-0.0241841458308053,1427
-0.164063549152956,-0.0242913585146885,1428
-0.151062258726948,-0.0168345056506607,1429
-0.162357420069655,-0.019923232910673,1430
-0.172608835591667,-0.0184004903909499,1431
-0.111456816674416,-0.0103811249177745,1432
-0.143969673149709,-0.0166204393987339,1433
-0.145004473823204,-0.0183136077130657,1434
-0.16817011649387,-0.0207559779195183,1435
-0.166778831118378,-0.0235708851576675,1436
-0.169628137675256,-0.0240498465253151,1437
-0.161650520276444,-0.0239847852580693,1438
-0.160113318247563,-0.0228605882486359,1439
-0.155840607290591,-0.0232550080180977,1440
-0.170825753732705,-0.0235190260653713,1441
-0.150378058373255,-0.0198821602368097,1442
-0.14678316790735,-0.0207046211103131,1443
-0.160113885856083,-0.0223749838935456,1444
-0.137062020798315,-0.0211976955220188,1445
-0.162765627655081,-0.0238501380911446,1446
-0.166300438589371,-0.0223500208936472,1447
-0.159343129615428,-0.0234233571189788,1448
-0.165839003481436,-0.0239437976186545,1449
-0.171213484098802,-0.0249208827009266,1450
-0.181420633321736,-0.0228483880233079,1451
-0.16417520685421,-0.0231225396500285,1452
-0.161907623251595,-0.022465471059016,1453
-0.175465048655681,-0.0171963779624017,1454
-0.178139021773338,-0.0191983636788704,1455
-0.194941554105888,-0.0238727554760857,1456
-0.197817323775525,-0.0234197760988252,1457
-0.189136458358812,-0.0225367218037485,1458
-0.193575576755158,-0.0225189695408731,1459
-0.188210204037216,-0.0237744444216845,1460
-0.183292910969916,-0.0220127948302812,1461
-0.191928512006584,-0.0257428055530167,1462
-0.193841288125994,-0.024558056012082,1463
-0.193377044773195,-0.0179227333878644,1464
-0.184397696645397,-0.0176191982356353,1465
-0.185786118384912,-0.0189578839549654,1466
-0.182482576205169,-0.0191596956000912,1467
-0.201917035190481,-0.0206748021186203,1468
-0.195562260098818,-0.0210428997852035,1469
-0.199321099444719,-0.0147288290546501,1470
-0.198328055832693,-0.0142039027599471,1471
-0.169345016785762,-0.0186840430028921,1472
-0.165100775934295,-0.0165875756192332,1473
-0.192641426894438,-0.0159686429571975,1474
-0.191755592203042,-0.0176678573524487,1475
-0.175738329481838,-0.0190864132044374,1476
-0.172419206316573,-0.0161113691383868,1477
-0.15858134851608,-0.0149643967567479,1478
-0.167931964728681,-0.0123210368199915,1479
-0.173799700288608,-0.0136973859563965,1480
-0.175700047599088,-0.0131008886921953,1481
-0.183592829151113,-0.013904611538791,1482
-0.18386377851188,-0.0127622314621126,1483
-0.174133758695643,-0.00999387895117062,1484
-0.173573895184246,-0.013530307574978,1485
-0.166918153781493,-0.0158345899859237,1486
-0.1874293005821,-0.0144790937976784,1487
-0.169519848868312,-0.013074282729573,1488
-0.18576431939822,-0.011043790396934,1489
-0.174423619727416,-0.0130816885814248,1490
-0.163442009282309,-0.0126407217832142,1491
-0.179866914424234,-0.0107326807229253,1492
-0.179718599778518,-0.0121082586576796,1493
-0.204260088322061,-0.00851689161403714,1494
-0.211989404638013,-0.0108812421608075,1495
-0.192454912645682,-0.0094218351401528,1496
-0.189828803538285,-0.00693658898791066,1497
-0.197908241272082,-0.00879583154134235,1498
-0.173171666938798,-0.00603927612403891,1499
-0.16718561014531,-0.0030143022961466,1500
-0.172465324262791,-0.00438741031331184,1501
-0.179816210840426,-0.00278700335340685,1502
-0.176941052799388,-0.00201892259798788,1503
-0.16958986996959,-0.00479064020718709,1504
-0.191216739359012,-0.00211975428860401,1505
-0.187246935001054,-0.00355557154555799,1506
-0.188215716238378,-0.00366863556148468,1507
-0.182266097028423,-0.00321276096973175,1508
-0.17056218980035,-0.00490854863621178,1509
-0.158954679530704,-0.0030523010692799,1510
-0.171260259533573,-0.00823699836120844,1511
0.0236338695610758,0.00219023052618988,1512
-0.157674072868006,0.00396237977757599,1513
-0.110626732405379,-0.00150110552438281,1514
-0.123524257635306,-0.00327439753448696,1515
-0.131499602830879,-0.00181243297942547,1516
-0.159717332866088,-0.00428777775210067,1517
-0.162250852493954,-0.00449494429963416,1518
-0.16182982406586,-0.0059369742337419,1519
-0.163932798243639,-0.0073493255977099,1520
-0.155839247854475,-0.00733820676162384,1521
-0.164941658534854,-0.00346886312819229,1522
-0.15573363594268,-0.00456338561592753,1523
-0.149596662906998,-0.00769496726207268,1524
-0.163142070774297,-0.00724575152149077,1525
-0.138343843217528,-0.0057975712241202,1526
-0.158850404002234,-0.00725536482524072,1527
-0.166983212884772,-0.010975332657693,1528
-0.174172750094686,-0.00592778178625264,1529
-0.162143246800024,-0.00594574837773167,1530
-0.164663141975729,-0.0040569630559763,1531
-0.145256494655324,-0.00915473813615529,1532
-0.153497219844573,-0.00956725113877055,1533
-0.221143063686436,0.00115817394148663,1534
-0.20892502364718,-0.00679631765178397,1535
-0.187318571971124,-0.00924400399327232,1536
-0.180420973652952,-0.0120892830635496,1537
-0.171546588699829,-0.00821501804769591,1538
-0.182141322026653,-0.0086728126965472,1539
-0.176362618725288,-0.010012912031433,1540
-0.164301547151433,-0.00830752361219617,1541
-0.168810752785661,-0.00837942134608389,1542
-0.144818247237806,-0.00172042121542066,1543
-0.152823654735571,-0.00373611173312095,1544
-0.169213265578737,-0.00682081086773004,1545
-0.169552125565308,-0.00782241896178478,1546
-0.172133666223844,-0.0100127865804128,1547
-0.187242102219435,-0.0111243383718153,1548
-0.189211423386109,-0.00791132640132926,1549
-0.183259658164373,-0.00992593355482958,1550
-0.173179776197652,-0.0106887674781294,1551
-0.157337117398989,-0.00593944939051678,1552
-0.146056872390022,-0.0114941137687249,1553
-0.157221781855892,-0.0131685653250756,1554
-0.157908977659796,-0.0138665509482538,1555
-0.15860897791211,-0.0170446520691666,1556
-0.163459358850453,-0.0121397125149477,1557
-0.167176874447908,-0.0126575392770909,1558
-0.163714822395219,-0.0149473770131242,1559
-0.157328594868916,-0.0136352258589352,1560
-0.172516080276752,-0.0113021303974338,1561
-0.152861709255826,-0.0149923231402188,1562
-0.153000238093645,-0.0167819091216278,1563
-0.0632892836321846,-0.00705815413352767,1564
-0.0897871978608015,-0.00710088666945673,1565
-0.117654208213182,-0.012482598531752,1566
-0.126253322521845,-0.0118294945448137,1567
-0.157388120973455,-0.0163367283533415,1568
-0.157933717909354,-0.0150076692231581,1569
-0.158655305009237,-0.0154580219005907,1570
-0.176729354672557,-0.0119378750323709,1571
-0.17409654049122,-0.0147153891449863,1572
-0.173890368778981,-0.0157917928846043,1573
-0.0742845133980501,-0.0112960561745076,1574
-0.13586960640988,-0.0182253697753462,1575
-0.161912389638873,-0.0178850736286027,1576
-0.157086803957142,-0.0151325811502902,1577
-0.136055551543705,-0.0134505972827573,1578
-0.159844918260155,-0.0112214616584131,1579
-0.202802698070995,-0.00463492982366539,1580
-0.206425548908986,-0.0106412558602133,1581
-0.145187377479559,-0.0113392733263067,1582
-0.137687136174302,-0.0118571317528621,1583
-0.150031687568689,-0.0172313506166022,1584
-0.143554814996026,-0.00950278621202143,1585
-0.150472631128228,-0.0132329147201245,1586
-0.165806094973029,-0.0189047755232022,1587
-0.16846569563511,-0.0171102025819424,1588
-0.164050332952653,-0.0124691897996095,1589
-0.156787443935203,-0.015555897171607,1590
-0.186119455270938,-0.0100406954712264,1591
-0.175370898152987,-0.008890256178412,1592
-0.164600975830189,-0.0109191998392806,1593
-0.158031274091248,-0.0125220827703812,1594
-0.147539017794906,-0.0113812452165033,1595
-0.156219266024058,-0.0105742588205835,1596
-0.160322831387835,-0.0102795691504102,1597
-0.156219722568415,-0.0105272605491684,1598
-0.155729974487098,-0.00849720526109148,1599
-0.14909671734884,-0.00710203959494296,1600
-0.167563166730059,-0.00552697164026436,1601
-0.145932367072046,-0.0098530766207178,1602
-0.140085633706021,-0.0102711140017919,1603
-0.149845769491562,-0.00945085833630038,1604
-0.16446837716187,-0.00935090048864456,1605
-0.142303999181747,-0.00685526612878164,1606
-0.103201809095148,0.1048238591901,1607
-0.111884381061309,0.104072248560259,1608
-0.119824697109531,0.100956590025386,1609
-0.119376251317227,0.0997001338863325,1610
-0.11268974567339,0.101313022190183,1611
-0.116953784962531,0.100464284242852,1612
-0.125321574831462,0.103135713443887,1613
-0.128878909582391,0.102858180862568,1614
-0.112067417444562,0.0978226795614726,1615
-0.101184622521497,0.115341206679555,1616
-0.138479097845171,0.110951949204898,1617
-0.146845306572789,0.101489293446421,1618
-0.12829664314238,0.0994318787424593,1619
-0.125540882080024,0.100068878285002,1620
-0.117267816259452,0.106082531006141,1621
-0.0960414041799769,0.110210256315493,1622
-0.112257820628702,0.107681507197655,1623
-0.101218828456493,0.106622343466979,1624
-0.105491337679599,0.109148452494221,1625
-0.111803365015067,0.105498159583532,1626
-0.0966181864759474,0.108482634445808,1627
-0.0919395386431123,0.108338773829241,1628
-0.101615525991507,0.104523959919255,1629
-0.122048942221823,0.106502732282486,1630
-0.136561416186024,0.107889071737498,1631
-0.111766813937419,0.109131485240917,1632
-0.104208701527454,0.105847599104311,1633
-0.107830507677208,0.107463477433638,1634
-0.113951203950391,0.10038971680594,1635
-0.113980817488494,0.104846976437192,1636
-0.102205683720283,0.1082422665957,1637
-0.11026051777495,0.104298632371743,1638
-0.121677060827705,0.10348634963853,1639
-0.113952485178113,0.104793254270955,1640
-0.102359334390508,0.107684094267478,1641
-0.0854862408062159,0.111643947898671,1642
-0.0836757687104768,0.114688838863987,1643
-0.107170700373836,0.107466851237685,1644
-0.123038178562672,0.111205156026854,1645
-0.143481419860325,0.111623623297734,1646
-0.14024732499098,0.10762733710801,1647
-0.131498388279357,0.10817665719747,1648
-0.131895685082349,0.108629256985882,1649
-0.1241507345412,0.108983653102347,1650
-0.120662040560869,0.106144058174055,1651
-0.116475547356165,0.107251443936854,1652
-0.11344545395128,0.107516638779612,1653
-0.133022115776645,0.106866034841985,1654
-0.137624885320105,0.109379105254511,1655
-0.125257210341385,0.10454658683556,1656
-0.113646714739318,0.111873123527875,1657
-0.11869440127954,0.107813069709256,1658
-0.111153108651388,0.108717282089438,1659
-0.105809764949664,0.108338965062907,1660
-0.120703316839483,0.105568013131525,1661
-0.123476953185817,0.108896769787769,1662
-0.125163540812243,0.104717700966489,1663
-0.119614855172128,0.106818027259002,1664
-0.110397849947849,0.109773068431987,1665
-0.130029793922021,0.107757675579938,1666
-0.107513973837367,0.106575667744837,1667
-0.128807570949094,0.109401320146106,1668
-0.121097384446713,0.10686454604342,1669
-0.104186998255598,0.111555802059774,1670
-0.11564257311425,0.107747493156547,1671
-0.133586697165368,0.108979120909096,1672
-0.112731838362073,0.108878647072113,1673
-0.0825627572887565,0.116787165732481,1674
-0.109161263217214,0.110015235706856,1675
-0.104863338569609,0.109947907797105,1676
-0.0937711422853586,0.111963489236856,1677
-0.118327544633377,0.10885588619399,1678
-0.0945695575546439,0.110358394859248,1679
-0.108421006236043,0.108234321342742,1680
-0.104363128503116,0.106845157691094,1681
-0.119918965533177,0.107618892820419,1682
-0.117146020102512,0.107988451537849,1683
-0.105792155895711,0.112308605891368,1684
-0.108434735391048,0.110842129539031,1685
-0.124671362493745,0.105801659977113,1686
-0.127231975336103,0.105539074942791,1687
-0.157605695473288,0.120174492963096,1688
-0.139494441415378,0.110006742013244,1689
-0.120870210335354,0.115217683880149,1690
-0.127808543597279,0.11147728954306,1691
-0.135701113209627,0.111448708643343,1692
-0.139659952078674,0.108926447344281,1693
-0.138992360720075,0.109203582659727,1694
-0.133632789263702,0.108622176575207,1695
-0.142845309114988,0.109589863820168,1696
-0.140093320820487,0.10551074306801,1697
-0.114337469580037,0.106083899033565,1698
-0.115879184869779,0.1056729108793,1699
-0.117831997993603,0.106767337413465,1700
-0.116404947539512,0.105491933303154,1701
-0.1038448690226,0.11106024816487,1702
-0.106012328358822,0.112113770986627,1703
-0.110916370604271,0.107027535454056,1704
-0.109979163564133,0.10396648773374,1705
-0.0979556242573726,0.10772827916415,1706
-0.103748671397592,0.10673522547066,1707
-0.105862013114282,0.104341630138691,1708
-0.0991671910395133,0.10727377056848,1709
-0.112041293962382,0.10524825791012,1710
-0.0912274177460526,0.106770140108,1711
-0.0944645036776919,0.106933963136112,1712
-0.0966292587227642,0.11009290951285,1713
-0.110189256354132,0.104338799576542,1714
-0.108909129173323,0.103127710631644,1715
-0.0974005277243411,0.108383357851058,1716
-0.0977067469143202,0.10642279538889,1717
-0.0639743012128834,0.114162379140147,1718
-0.0738673745621171,0.107082598444501,1719
-0.112081342961799,0.102826181499152,1720
-0.110491163230642,0.103008883834898,1721
-0.124238062921404,0.104543330451972,1722
-0.130236061298817,0.103609423719332,1723
-0.125751900811521,0.106864157839869,1724
-0.129684252363454,0.104821964747858,1725
-0.123054625751521,0.104963786040486,1726
-0.114791804396606,0.109001772325086,1727
-0.118314483574682,0.111890654530121,1728
-0.12727026809352,0.115930929095402,1729
-0.120688149789015,0.115752586516588,1730
-0.121661861191082,0.107809458316425,1731
-0.121676427002043,0.109417940549741,1732
-0.125229543034785,0.114511462386926,1733
-0.12162932128876,0.112239164942896,1734
-0.117918290889959,0.112463097826407,1735
-0.114746291031275,0.113040950806792,1736
-0.0965930063636553,0.124056295595172,1737
-0.071259706737276,0.136625668897742,1738
-0.105446348851312,0.119181666836025,1739
-0.122588612227653,0.116364190098765,1740
-0.105663408063174,0.115225078708214,1741
-0.0973742686838565,0.10915209959105,1742
-0.126312170815593,0.111995168221125,1743
-0.129788609549593,0.110724936999625,1744
-0.119451021039468,0.114587448802148,1745
-0.123309136156242,0.115462088895869,1746
-0.115893489204889,0.113738196116108,1747
-0.119453086309369,0.115157444652016,1748
-0.117907467804995,0.112781727112501,1749
-0.118513622953916,0.11408467191313,1750
-0.125154697085775,0.110551192141513,1751
-0.11935169961707,0.109971641839577,1752
-0.10119738926848,0.111966146484904,1753
-0.104774269850081,0.109361290153133,1754
-0.10460194282316,0.105082876645572,1755
-0.123860991511932,0.106203882711201,1756
-0.14116132095972,0.113966558141227,1757
-0.166953160316291,0.122421916177886,1758
-0.161001477553989,0.114552772193317,1759
-0.155042112725668,0.10888973813184,1760
-0.158508655488261,0.111927936940975,1761
-0.147971929934908,0.104241558916219,1762
-0.143514383335981,0.10378915845828,1763
-0.124479188179537,0.101334421048143,1764
-0.107892244600216,0.101737895772582,1765
-0.108898155811949,0.0991862301178412,1766
-0.118014725373243,0.101698336433168,1767
-0.117451310744219,0.102672548161742,1768
-0.122783304843025,0.104981336690189,1769
-0.121124034573958,0.103783433664642,1770
-0.122318902797021,0.102578455734739,1771
-0.145679439259638,0.11371961090544,1772
-0.152416828549137,0.111015646807549,1773
-0.134264111589714,0.104299623628998,1774
-0.134653313505415,0.101532698342231,1775
-0.135283162899983,0.102627655686726,1776
-0.13431367600881,0.105851756948421,1777
-0.136529015387477,0.105742435238661,1778
-0.135459231339134,0.105678943249344,1779
-0.131785172614766,0.10483392142044,1780
-0.123488546537692,0.108258124577673,1781
-0.123745085894142,0.106322219618017,1782
-0.110749479007436,0.107062160332525,1783
-0.128759810096962,0.106371218662727,1784
-0.13132309897855,0.108599005649978,1785
-0.133395243883796,0.106570580051317,1786
-0.134159328028975,0.107901534008342,1787
-0.11465171952655,0.108057205732502,1788
-0.128483930186233,0.104365457484776,1789
-0.138127226114711,0.10801091892986,1790
-0.114931865707746,0.122216683802147,1791
-0.114144754903157,0.106691530284329,1792
-0.110593184090115,0.10519474675642,1793
-0.139450271544994,0.108788055719139,1794
-0.128710862291753,0.1082885114619,1795
-0.120058253276336,0.102317263043447,1796
-0.128512286776712,0.102265529837685,1797
-0.14118719108333,0.105314046398114,1798
-0.126916529661091,0.101421404920291,1799
-0.125284024881816,0.101132466180718,1800
-0.122125962018259,0.100643439671399,1801
-0.116834694352901,0.102126554090282,1802
-0.135378587303481,0.104160514340351,1803
-0.0626594781509884,0.111249757973658,1804
-0.0972046164276742,0.106378031365941,1805
-0.100983143401276,0.0976444726869784,1806
-0.121087049209817,0.0980438285996272,1807
-0.137997609754808,0.103427764908924,1808
-0.141839963842179,0.103758807781828,1809
-0.138348045672935,0.102833570761498,1810
-0.124219655329647,0.0974674279936299,1811
-0.108345775588458,0.097128225773976,1812
-0.121313910424758,0.0989356197952887,1813
-0.125627065151192,0.0973163626039099,1814
-0.127926374179767,0.0942725909703972,1815
-0.128437571201253,0.0953671193535353,1816
-0.125074134931101,0.0941911363113928,1817
-0.120929412358302,0.0899839038852826,1818
-0.120774880407378,0.0942116115061538,1819
-0.121260935253131,0.0931839825188594,1820
-0.118234899884783,0.0921194349902565,1821
-0.129025618472,0.0925836877502339,1822
-0.133504278531281,0.0938097670580352,1823
-0.13108462123263,0.0921203114461317,1824
-0.125576155621132,0.0926109806423053,1825
-0.126515667934475,0.091498320923109,1826
-0.133627626149905,0.095524357178963,1827
-0.132016096472283,0.096181754762192,1828
-0.120840322753081,0.0913672395014136,1829
-0.119604234802261,0.0925889963360522,1830
-0.130059651771301,0.0939407727041651,1831
-0.127877028007482,0.0945138087581905,1832
-0.120598572938159,0.092766893634097,1833
-0.116576202256444,0.0927591079527211,1834
-0.127410710336098,0.0888527080214413,1835
-0.140906643331615,0.0912569373544528,1836
-0.128904762091062,0.0859392922027398,1837
-0.125752824515399,0.0856483547482038,1838
-0.130423545070409,0.088975568881521,1839
-0.132825239225789,0.0869645705400853,1840
-0.133954411911857,0.085285003625496,1841
-0.133681598161202,0.0855621142579282,1842
-0.135289746335163,0.0896306735786393,1843
-0.134337666850317,0.0870946184151269,1844
-0.145392063251137,0.084410725137984,1845
-0.142191931366441,0.0836240902917997,1846
-0.129908372021843,0.0815763244298596,1847
-0.125067987622836,0.0795290473508552,1848
-0.119900508128917,0.0818408024216244,1849
-0.122747970038611,0.0837759204637258,1850
-0.0906951531704236,0.0899572037747865,1851
-0.137179859528381,0.0959953531541283,1852
-0.155766266289851,0.100073919877085,1853
-0.156896865367034,0.0925333933195682,1854
-0.148216652324857,0.0865410668534606,1855
-0.148752651886841,0.088654027338454,1856
-0.145814486522726,0.0883376985363365,1857
-0.13832136651938,0.0720743385761969,1858
-0.132949186527565,0.0698511900411458,1859
-0.134239066512818,0.0623574193173464,1860
-0.141342107864313,0.066770800972531,1861
-0.14181396925104,0.070027934268853,1862
-0.14839207451778,0.072315086752112,1863
-0.150666464114055,0.0742843892104391,1864
-0.129206809449254,0.0705157752007219,1865
-0.108904852786493,0.0728774734780907,1866
-0.122378876940829,0.0717946207131055,1867
-0.128205935671628,0.0724986456070022,1868
-0.101483727012138,0.0729742107780668,1869
-0.116230850397568,0.0726457221001919,1870
-0.133444556022144,0.0730636195180155,1871
-0.150629753462537,0.0698934141147665,1872
-0.143873915799517,0.0644871091625031,1873
-0.140792001909082,0.0629904981722535,1874
-0.134739806869086,0.0646264138475262,1875
-0.135590584687602,0.0654428258134671,1876
-0.129464589249279,0.0637785799750318,1877
-0.110405374131062,0.0653658111365239,1878
-0.11395245081937,0.0673763509220656,1879
-0.114727281785358,0.0671473969051946,1880
-0.132104286549123,0.0712189373528918,1881
-0.133258821994748,0.0666436416728385,1882
-0.139177280735288,0.0705101353327079,1883
-0.139610500872379,0.0667515956519415,1884
-0.137273049081987,0.0677739173933269,1885
-0.13536676891486,0.0709918512192064,1886
-0.140385577729717,0.0708440648752403,1887
-0.133338162028028,0.070340082901322,1888
-0.136978891977462,0.0739161187061119,1889
-0.148689331601485,0.0720818843973458,1890
-0.142458343955795,0.068796896917177,1891
-0.144375393715078,0.0661210629771319,1892
-0.147640024778329,0.0678285533560056,1893
-0.147630378715326,0.0696715070279606,1894
-0.137341518734493,0.0706139288162663,1895
-0.133459947989799,0.0748907332351264,1896
-0.136937122691874,0.0751361482968488,1897
-0.133050449720686,0.0813948963859385,1898
-0.118171534969608,0.0825619451300446,1899
-0.123744891189309,0.0938244928910828,1900
-0.129725327916737,0.0908774281884247,1901
-0.133194613440502,0.0902950971298843,1902
-0.116229727057234,0.090336883611968,1903
-0.107211725044756,0.092914642642503,1904
-0.107692209196863,0.0900224564480324,1905
-0.122475730186955,0.0877494915019292,1906
-0.130958599112124,0.0863453772137844,1907
-0.144656050921367,0.0920571105160939,1908
-0.149503450378934,0.0882977634786074,1909
-0.141585735210584,0.0896372540533838,1910
-0.137805369908293,0.0874462718193492,1911
-0.141539836482614,0.0883735686863484,1912
-0.150725518980065,0.095078483964405,1913
-0.143422892419053,0.0927222840584489,1914
-0.13328850254297,0.0908462624248688,1915
-0.119133111965621,0.0884806276194187,1916
-0.124486817165962,0.0866872064004639,1917
-0.126198483734434,0.0893995061126432,1918
-0.135610957809858,0.0915413286906307,1919
-0.105073688434941,0.0928199037068507,1920
-0.123347985181168,0.0902706350518304,1921
-0.124186262622046,0.0975566099383412,1922
-0.099559212167593,0.102068752378488,1923
-0.121977582284273,0.0977776571652537,1924
-0.129701926562808,0.0975684754939891,1925
-0.120103110581462,0.0964766716332104,1926
-0.135929252767924,0.095522397578005,1927
-0.138447291399939,0.0944353900308403,1928
-0.124667965671353,0.0941232844618661,1929
-0.123474649267503,0.0955193606626413,1930
-0.0902300508552059,0.105385936911358,1931
-0.129892654659615,0.0959829822230435,1932
-0.10739879069606,0.100197351127683,1933
-0.129250810858503,0.0971440155870328,1934
-0.137256364434716,0.0956644048399003,1935
-0.144579349324489,0.101379020379071,1936
-0.140831928584176,0.100590167212929,1937
-0.153438613336313,0.103074024712301,1938
-0.153730376896048,0.102171577871155,1939
-0.15995263094818,0.105324571005922,1940
-0.157881897905071,0.108238172433432,1941
-0.139911439324723,0.10593631356831,1942
-0.131682663745265,0.106280498302662,1943
-0.14255931716619,0.10942539444652,1944
-0.139846161253972,0.107355447633088,1945
-0.123432829515707,0.108637261224339,1946
-0.10437366010633,0.119881320787136,1947
-0.120421566634648,0.113356408782799,1948
-0.128205986506304,0.110331018539412,1949
-0.138011786257118,0.106067721782509,1950
-0.141097509348448,0.103352405460693,1951
-0.138651107164415,0.106301439717461,1952
-0.11920412737683,0.107516442799726,1953
-0.130788791988749,0.105197020561202,1954
-0.139070884333312,0.101845850550946,1955
-0.141804887270401,0.106678747728116,1956
-0.132336672595807,0.106181347652401,1957
-0.119559990469226,0.10250286917112,1958
-0.126912118330069,0.102271698799264,1959
-0.132949106105028,0.0982786049968258,1960
-0.137007522524156,0.0985761299259105,1961
-0.151590266413328,0.102348338375625,1962
-0.142098594418031,0.101723020604627,1963
-0.110898504039079,0.109834122535438,1964
-0.136390075239838,0.102943128514446,1965
-0.152347935961448,0.104631366215289,1966
-0.135465889553669,0.107637339819734,1967
-0.123557534906079,0.108239833893923,1968
-0.128742982897727,0.106379216824373,1969
-0.132270557041209,0.102704144993561,1970
-0.145915153036685,0.10325419944611,1971
-0.151206573670758,0.105514225619802,1972
-0.141923272603259,0.104391075957315,1973
-0.133397105544295,0.108694272666836,1974
-0.125147560854895,0.108267177937874,1975
-0.126834254146253,0.105981577608793,1976
-0.136463642089827,0.106670636519172,1977
-0.131452778870982,0.110352330282121,1978
-0.140038381699625,0.1069144053267,1979
-0.143784652800199,0.10352538584292,1980
-0.159255453389157,0.10621907485648,1981
-0.160034323641195,0.104850784513785,1982
-0.153857105745102,0.0979038601712264,1983
-0.152438490814668,0.100605382909964,1984
-0.134890832930959,0.0942842162733807,1985
-0.13444751639738,0.0970966310889259,1986
-0.134435677333499,0.0972086511488642,1987
-0.111141967981674,0.101464945202357,1988
-0.092802724124201,0.106474015848489,1989
-0.101796941032175,0.104966196653297,1990
-0.100809126590224,0.106538002755823,1991
-0.119108764142287,0.100834954190903,1992
-0.129096386188399,0.100531327268295,1993
-0.138405499044167,0.0996948555870917,1994
-0.126295447246561,0.101516252158219,1995
-0.14663065460639,0.101377957511572,1996
-0.139165790440557,0.100214634197613,1997
-0.143384442035617,0.0999072812163867,1998
-0.146433943510362,0.0994040805474908,1999
-0.134142374339615,0.0974902056422532,2000
-0.122435982842323,0.0972395442016415,2001
-0.130837748523787,0.0976301473026328,2002
-0.142314049453561,0.100512154637234,2003
-0.142503788846299,0.100142059634127,2004
-0.146075434053906,0.0986751408448734,2005
-0.153952267497807,0.102273716764919,2006
-0.147395530715789,0.0971674279316655,2007
-0.138275608660857,0.0928322869490377,2008
-0.152146845912134,0.0994042674834077,2009
-0.152560799423878,0.0966177440417981,2010
-0.153512970102992,0.0963892546103149,2011
-0.149210317392189,0.103987970478241,2012
-0.156065183892224,0.0975362105782654,2013
-0.159738360103259,0.0999240832968379,2014
-0.165218404937402,0.102545317009525,2015
-0.14305626766724,0.101462938448949,2016
0.0640628284818812,0.177245247625854,2017
0.225875607691442,0.156039100604911,2018
0.269505597954268,0.153502206210086,2019
0.280701924007613,0.157136417889457,2020
0.272665740604715,0.159868429804679,2021
0.274808588839135,0.159755756591899,2022
0.279575329398764,0.146328751077933,2023
0.277853335442689,0.14666902296189,2024
0.274095707529421,0.151050018176122,2025
0.280248305830255,0.140569678865846,2026
0.286681598508766,0.133874210256701,2027
0.279187688471481,0.150658085438176,2028
0.278921743605478,0.146542685220972,2029
0.276113766649405,0.138518425583509,2030
0.280747618919436,0.149120797730691,2031
0.28234887948173,0.145897375160642,2032
0.274640166957162,0.150597667886584,2033
0.279406057143412,0.145798841533749,2034
0.279015912815768,0.151632716549038,2035
0.284210487980765,0.141571610445644,2036
0.27959181707897,0.165233151699543,2037
0.274665076362779,0.162478542370175,2038
0.27911269659219,0.164689337531647,2039
0.278950915543254,0.155730876020506,2040
0.282244319705473,0.160054769085539,2041
0.281302131598154,0.164579529134961,2042
0.280137557389771,0.153895279005402,2043
0.27816024444452,0.15117879047866,2044
0.274744097573349,0.160694834629366,2045
0.275067072335262,0.158180862198529,2046
0.27110913488624,0.162515355103221,2047
0.272782419168951,0.157418829112486,2048
0.277631100417535,0.151724696197862,2049
0.279985449105233,0.161270168615607,2050
0.279273834110914,0.162249720750817,2051
0.275686877180846,0.176583985080524,2052
0.274283399457399,0.175451830037809,2053
0.274809807213252,0.172643997994797,2054
0.27486338004028,0.17339743022166,2055
0.274168668649296,0.168893719767731,2056
0.271728287121688,0.164677221329025,2057
0.270039912247387,0.16919597490117,2058
0.271497351519136,0.176162105416628,2059
0.281259704685867,0.167636603633573,2060
0.276422327182092,0.165887771457964,2061
0.271745681285147,0.164414712234722,2062
0.2731764371532,0.1546769797107,2063
0.276155148308649,0.167271997726305,2064
0.278379227237577,0.161755246665006,2065
0.278109203139944,0.159812446192811,2066
0.280763958279659,0.163281643642244,2067
0.280000857330625,0.15602476383616,2068
0.287192902212802,0.140005598780997,2069
0.283372839503397,0.155953572684591,2070
0.280732583717083,0.161649785475953,2071
0.277682555703572,0.167153333720821,2072
0.275581373856896,0.168108178526042,2073
0.268426215451696,0.173676907176898,2074
0.26930324409763,0.172023705241187,2075
0.272576425392895,0.171602177461677,2076
0.269495222414381,0.160825702415432,2077
0.269446173163968,0.161878902002268,2078
0.274001261169195,0.163977358868019,2079
0.275652982720301,0.163265171623262,2080
0.27756221600542,0.164563417448362,2081
0.277780061890324,0.166451475472893,2082
0.280543046879983,0.161128212761976,2083
0.278622365768692,0.16358941094056,2084
0.276259616054824,0.160412610767618,2085
0.276863470691537,0.158664017348374,2086
0.277110137432433,0.160183330697147,2087
0.289245327189426,0.140605112915647,2088
0.285847817783997,0.143662467768077,2089
0.279416816101084,0.151276372049432,2090
0.279042939141916,0.147351708413775,2091
0.294782937419935,0.124923970225121,2092
0.283128707698979,0.146070489165066,2093
0.278958614535459,0.143779165221521,2094
0.295394763547065,0.139363630259386,2095
0.29457675091292,0.145980744670627,2096
0.282105349616775,0.157145215009779,2097
0.286504082236444,0.147337392871959,2098
0.286313580306004,0.160001575062635,2099
0.275728016125238,0.151897488718617,2100
0.280366935999248,0.148835629194931,2101
0.282668682039504,0.155418960165234,2102
0.282417881908742,0.1474068148569,2103
0.285780352683137,0.139278460247383,2104
0.275010291737712,0.150922578934522,2105
0.285852234076828,0.154929885115087,2106
0.286641948596478,0.148935171994516,2107
0.292848069277104,0.146465897517019,2108
0.287372099685048,0.138460882748067,2109
0.289098008505723,0.141031991192536,2110
0.293209057992179,0.141649562997054,2111
0.304162122952076,0.138788798795962,2112
0.301186872879333,0.139369246714163,2113
0.299123028181857,0.138016815389497,2114
0.295317162379473,0.141046951883195,2115
0.293882416984441,0.130703549778672,2116
0.300273684092027,0.149124998934749,2117
0.28855223558813,0.145437527452916,2118
0.288432981928236,0.150222783701431,2119
0.293136981663647,0.14985693388518,2120
0.290631117158654,0.144916372357305,2121
0.288414507353622,0.157069038524959,2122
0.281166708782133,0.152771934342637,2123
0.291252983083383,0.162199442292846,2124
0.291256443377414,0.15959749169483,2125
0.293241316690812,0.142173671344933,2126
0.292854721247816,0.144884597343976,2127
0.294507528198678,0.153131566087672,2128
0.288919598680809,0.15770261269667,2129
0.289865054993931,0.151811650120099,2130
0.291849273421597,0.147687330083285,2131
0.287881597732832,0.150590707539113,2132
0.288237714161143,0.158986686224249,2133
0.291967609588893,0.157206289200569,2134
0.293664206104818,0.144224611426504,2135
0.284995794353888,0.145870679158093,2136
0.280937110948396,0.155758889586994,2137
0.283762092032516,0.149613738825456,2138
0.289230735753931,0.141538465293956,2139
0.293426603631302,0.153871783912574,2140
0.292298194775623,0.15359462359371,2141
0.291678149971134,0.150496838244825,2142
0.293091266035539,0.14519164773647,2143
0.290905575438837,0.148498364178271,2144
0.2958572984776,0.147261552917101,2145
0.295673096819418,0.140177006491171,2146
0.295754298587811,0.142719361095698,2147
0.293459484196484,0.150647412675261,2148
0.290460148145959,0.152698831925954,2149
0.284447509808118,0.149367616905081,2150
0.288787466991926,0.142141172806358,2151
0.290314388460965,0.138842074054666,2152
0.288703097892251,0.137447664922818,2153
0.29559228106965,0.130357689063494,2154
0.290910757979057,0.136594879558287,2155
0.290933545749975,0.127709105479704,2156
0.288674800447473,0.140139837893887,2157
0.289155811971083,0.136139031121253,2158
0.278169620886997,0.145533873179502,2159
0.288278856183541,0.145444381165576,2160
0.279550676597105,0.130294086837442,2161
0.286869144747297,0.136409128017092,2162
0.283240508306207,0.141363545135542,2163
0.285401501670708,0.141138730806245,2164
0.28728823510658,0.145281238296659,2165
0.295703346431976,0.123146257078531,2166
0.293443659116752,0.134806869493137,2167
0.285037282140063,0.141085522154605,2168
0.284629085789657,0.144716405013803,2169
0.285514337888018,0.146374192392234,2170
0.286174888884623,0.143425628057691,2171
0.289358780956085,0.148296704860343,2172
0.290228053704007,0.139282530335644,2173
0.281952049364533,0.157558984138761,2174
0.276202426305592,0.151947256711021,2175
0.28107133604993,0.151532991711912,2176
0.285184407228421,0.150315411750647,2177
0.283370619529163,0.145607609231809,2178
0.283088731653526,0.143339823374554,2179
0.287487845934798,0.137464398145469,2180
0.286829104890317,0.14330606572219,2181
0.284933443782104,0.151141860110338,2182
0.288138956192826,0.159450543052395,2183
0.284183499109876,0.159405886911199,2184
0.287352705387313,0.152321388003851,2185
0.290103979707654,0.146214790420926,2186
0.292981483194892,0.143051347265625,2187
0.293089816773614,0.142233439966965,2188
0.292644052500553,0.142361729774243,2189
0.29355230524851,0.124786642276956,2190
0.288431951540335,0.149514384805945,2191
0.284967369799267,0.151922003536994,2192
0.281367940622667,0.153340455469806,2193
0.285507960411623,0.152161948527701,2194
0.282617144752459,0.150651053729615,2195
0.283716912063087,0.144500709976203,2196
0.282141767056535,0.147965716811584,2197
0.286078913605764,0.150435913485814,2198
0.282686622441558,0.155315697616588,2199
0.284737780454508,0.151714731878748,2200
0.284779276501348,0.14765923062388,2201
0.280837752837201,0.146292111755299,2202
0.281203868022904,0.144172954129806,2203
0.28090734525082,0.149339950730701,2204
0.282822647552856,0.159480086931246,2205
0.283490583318338,0.148199348271801,2206
0.283699483633119,0.150974086008046,2207
0.284002896274246,0.151825096423555,2208
0.285006152583525,0.152403502858219,2209
0.289587245662216,0.146408486020913,2210
0.29681864876102,0.135952274479087,2211
0.289476739809262,0.146352690212586,2212
0.289082010522233,0.142647352616333,2213
0.285576082754905,0.137829488472891,2214
0.276695920006472,0.151238265883842,2215
0.290782892435447,0.147045602358491,2216
0.289106828856645,0.140062173505577,2217
0.284591608998292,0.138022910374408,2218
0.285291786703244,0.138672673047906,2219
0.286611435757161,0.139342382485759,2220
0.287920042692037,0.152382047990505,2221
0.281307027752028,0.163067537992088,2222
0.287437983196293,0.155588012074023,2223
0.287180481058638,0.14231823573315,2224
0.283774358561202,0.143714354677802,2225
0.282929798342286,0.14984618988449,2226
0.282702072470002,0.141232484042137,2227
0.283552366549675,0.14780335104378,2228
0.278080507139311,0.156541168408947,2229
0.282333042756129,0.159976926691599,2230
0.28005177230438,0.148736569404232,2231
0.282740182266086,0.153723299638547,2232
0.285831185947198,0.14993965728719,2233
0.288628055656557,0.1489139090933,2234
0.291144302194418,0.145870175869556,2235
0.287939683311071,0.1497000435501,2236
0.285846883685374,0.144738832203168,2237
0.284670808531778,0.145324145972136,2238
0.284246121633083,0.145953160404063,2239
0.277722498442947,0.151976619336011,2240
0.28275929664456,0.147285591270747,2241
0.210016792765175,0.130703174659958,2242
0.104381314749947,0.127795889441881,2243
0.00609641770689956,0.118371933910026,2244
-0.0477931552176112,0.107191814487973,2245
-0.0709632559952517,0.10513669913839,2246
-0.0938808055190083,0.0948586170567082,2247
-0.0808654254396178,0.0984237968358029,2248
-0.122502114411765,0.0915152593869666,2249
-0.130152830839605,0.091238817900381,2250
-0.139518479150946,0.0933712743789464,2251
-0.141700024004265,0.0954855447871517,2252
-0.156702592914692,0.10301480384624,2253
-0.142126949725884,0.0915886450332412,2254
-0.144976056837306,0.0921227573478685,2255
-0.133703776853214,0.0885149183839489,2256
-0.123743643274765,0.0924766512855503,2257
-0.124121996680801,0.0918577950421051,2258
-0.135783717792336,0.0910894046450487,2259
-0.132881881014249,0.0926554541083861,2260
-0.139233292092817,0.091599190496207,2261
-0.141793350148463,0.0922551430238552,2262
-0.14398925004842,0.0909330324711683,2263
-0.138927265483074,0.0901689893459549,2264
-0.140981462812104,0.0900090956417164,2265
-0.116587664968386,0.0960795791956426,2266
-0.109050350915974,0.0927032495437532,2267
-0.122642419319901,0.0925930466612981,2268
-0.12066472882457,0.0889329540124381,2269
-0.127189336400362,0.0892473692096201,2270
-0.116987457418003,0.0903846278689825,2271
-0.125141778787538,0.0873080912970186,2272
-0.131701240166298,0.088778280775407,2273
-0.111879537432504,0.0925544988032707,2274
-0.114514406384636,0.0926080780226753,2275
-0.0994207023319013,0.0939007362071592,2276
-0.104241444141856,0.0934749194812805,2277
-0.114901794955984,0.0911717426237373,2278
-0.102885412232032,0.0963739022375581,2279
-0.123141793333938,0.0902586654148407,2280
-0.132889497161127,0.0940806289047014,2281
-0.147549550222119,0.0969100112880421,2282
-0.14805352481102,0.0944783622468364,2283
-0.148092082335636,0.0942918208380129,2284
-0.141951015631044,0.0887616538458655,2285
-0.143510125291419,0.0903990531819757,2286
-0.126232317150868,0.0883250525836407,2287
-0.122914642805235,0.0931570962065309,2288
-0.105312750115352,0.0985190205394598,2289
-0.111652183023418,0.095406950977564,2290
-0.141244141396616,0.0978196182251593,2291
-0.139163816356316,0.0919890381643241,2292
-0.128342407507588,0.0921788971664531,2293
-0.131872370639194,0.0942942481890218,2294
-0.126559336956573,0.0901889646114685,2295
-0.131953707745381,0.0900168332756045,2296
-0.131461955545922,0.0909257403530399,2297
-0.145536193305403,0.0869121510696581,2298
-0.136585558987686,0.0835425220530033,2299
-0.138124238854886,0.0873066034660175,2300
-0.131948258304892,0.0887148353734333,2301
-0.127068939232243,0.0881770586838683,2302
-0.121270289138346,0.0868829226231536,2303
-0.124505114638483,0.0893147861651211,2304
-0.130787522095227,0.0910163881329373,2305
-0.119059561620269,0.0908202764236159,2306
-0.117225290020581,0.090455582565888,2307
-0.116505803681798,0.0890713759493283,2308
-0.108284362956851,0.0918382821505351,2309
-0.140707673607308,0.0959846433920822,2310
-0.131424893513196,0.0921600623544733,2311
-0.126893455051804,0.0915685988893117,2312
-0.126137547025597,0.0901143550373736,2313
-0.136197880128251,0.0957436944997825,2314
-0.140406220699032,0.0956802761770974,2315
-0.138502025437659,0.0964518606906684,2316
-0.131477248855989,0.0946976759017473,2317
-0.14601780954364,0.0949285966667516,2318
-0.145485661702101,0.0930537435507849,2319
-0.132235373823531,0.088598298303398,2320
-0.115111019232902,0.0864181259860256,2321
-0.118913342913017,0.0858831199653189,2322
-0.117269431651979,0.0885182161952506,2323
-0.126919410113914,0.0867632861327499,2324
-0.132935814859841,0.0895335486590012,2325
-0.11480712320108,0.0872765518904964,2326
-0.124923682721819,0.0826891932185996,2327
-0.126468813255614,0.0881491013752763,2328
-0.123088546536463,0.089333487678725,2329
-0.131959594661537,0.0914629012291976,2330
-0.129932187966733,0.091774953487163,2331
-0.135344344542426,0.0931944637947567,2332
-0.133500041798074,0.0932852690868782,2333
-0.127059320230531,0.0937991669551288,2334
-0.0704781654571277,0.0997063058423811,2335
-0.105598723718583,0.0883085255731629,2336
-0.132446588968926,0.0916565714765533,2337
-0.119720991468183,0.0868022012412047,2338
-0.108935996343646,0.0841963439510667,2339
-0.139452279664102,0.094310901590081,2340
-0.109126594548255,0.0892284942678398,2341
-0.111939902990796,0.085682919466318,2342
-0.117569322324392,0.0846360016658185,2343
-0.12656441819977,0.0857235775320799,2344
-0.128222260973846,0.0862606011234742,2345
-0.141034730613814,0.0923858865950738,2346
-0.142382069092625,0.0887474563623686,2347
-0.138025896733074,0.0880758046197429,2348
-0.133083007229436,0.0879502341359198,2349
-0.126967550002999,0.0880774153418404,2350
-0.117149120653924,0.0881642541200288,2351
-0.116180345477596,0.0914203153621231,2352
-0.105899644064562,0.0908478490652105,2353
-0.129477166363828,0.0892479774127112,2354
-0.144869832009485,0.0939285167532987,2355
-0.135955862705744,0.0894759349016816,2356
-0.128998923541325,0.0896283594578034,2357
-0.130700886719437,0.0919407803533959,2358
-0.0851224864062403,0.101085687753354,2359
-0.0683592885517929,0.103552460041653,2360
-0.0510690248180799,0.112611506071809,2361
-0.106598802835315,0.0946564215062587,2362
-0.117123785875043,0.0963238650345059,2363
-0.135807424071887,0.0991966704672929,2364
-0.138698781360138,0.0957159207955752,2365
-0.137069270416083,0.0936960048849417,2366
-0.130214807059292,0.0904122492667492,2367
-0.129276346736458,0.0912951451910616,2368
-0.1449043960272,0.101569889638849,2369
-0.144945496152356,0.102128453257627,2370
-0.135190425468321,0.0983952712419231,2371
-0.134762552881022,0.0991563360363048,2372
-0.116587920800115,0.101402518895742,2373
-0.141564121527723,0.0995350151366264,2374
-0.141551776180315,0.100998310518654,2375
-0.129063816365799,0.0979668409440594,2376
-0.135333762275802,0.102740347269502,2377
-0.137666824902147,0.102428709886016,2378
-0.135926090706613,0.0992046567927442,2379
-0.131365623970328,0.0996578980749516,2380
-0.138517515416868,0.103256259817705,2381
-0.142691933671283,0.0991536696603945,2382
-0.136734227833937,0.100688344633228,2383
-0.144523249375161,0.100532033516755,2384
-0.149227684063332,0.105376037416597,2385
-0.148493185803667,0.101304718833738,2386
-0.133545205586507,0.100546525144294,2387
-0.0989608872034826,0.107874777032294,2388
-0.12200232960086,0.103016445060899,2389
-0.130264638828505,0.0998359956809095,2390
-0.120783021913999,0.103685278071661,2391
-0.118046235310122,0.100640071478634,2392
-0.128422095303966,0.100876753731334,2393
-0.130132504406435,0.0986269050771203,2394
-0.136740996062436,0.0996756226813294,2395
-0.147102405809463,0.100627276536251,2396
-0.14754859743689,0.0976539732799592,2397
-0.15078299909032,0.10032485895439,2398
-0.150066094852168,0.100497324522936,2399
-0.155329710024203,0.101537242688857,2400
-0.152498723794037,0.0977525218514063,2401
-0.146423011843814,0.094220464192766,2402
-0.14766622567075,0.0892279187875055,2403
-0.143991912441786,0.0896502721398063,2404
-0.139317283430009,0.0911416872045689,2405
-0.139778377537893,0.0911624113503591,2406
-0.125752068209803,0.0921943139615626,2407
-0.125630582189587,0.0887224572861273,2408
-0.135266222181735,0.0885202841079587,2409
-0.114113805033189,0.0933814141936177,2410
-0.108442885571182,0.098865850113346,2411
-0.133818668350746,0.0883666524489035,2412
-0.12641599564937,0.0940616959630555,2413
-0.138535808039125,0.0915078578443956,2414
-0.128581240053097,0.0932705332575153,2415
-0.143173450372001,0.0913116471250669,2416
-0.145936801832732,0.091062178042852,2417
-0.148982246485974,0.0935662533601416,2418
-0.150604120804748,0.0912883164009294,2419
-0.14172669946079,0.0811060667247684,2420
-0.161796877392634,0.0949725597667968,2421
-0.174892359775062,0.102698474333495,2422
-0.164959125451877,0.104955680135338,2423
-0.159892400228905,0.102081677021931,2424
-0.13928601963404,0.0943123770569547,2425
-0.136765189227339,0.091979836040992,2426
-0.138463054325454,0.0983688523773126,2427
-0.141180744342788,0.102414466689937,2428
-0.139679612524737,0.0992172106384757,2429
-0.132843158898396,0.0992645023178268,2430
-0.128017960254615,0.09917826379807,2431
-0.132753579361035,0.0971235239082247,2432
-0.140611417365026,0.0923935864362109,2433
-0.138939619234791,0.0932177253173874,2434
-0.120153549212124,0.0968623196978592,2435
-0.13035782067083,0.0925094692507146,2436
-0.140285616783323,0.0919652444963628,2437
-0.137414149955887,0.093602219056737,2438
-0.143123491128623,0.0889669639335651,2439
-0.143806486286015,0.0910470386855888,2440
-0.167686464914089,0.0981651425085571,2441
-0.166869496413522,0.0996516988236796,2442
-0.151805765226255,0.100757785411885,2443
-0.157595954235266,0.102764650002941,2444
-0.165374316506716,0.107424148783257,2445
-0.164903523655343,0.109678640198302,2446
-0.165622136108579,0.119391003700703,2447
-0.167309099551404,0.119651386261592,2448
-0.165216661937464,0.11469821266383,2449
-0.158817596934751,0.111973853048734,2450
-0.141855695164277,0.115569168593681,2451
-0.150887951187073,0.112793612308866,2452
-0.164383927361288,0.105043446464768,2453
-0.171116083870667,0.112615775119209,2454
-0.171069838436656,0.109733108070411,2455
-0.160978161498948,0.107898663942952,2456
-0.160764895174079,0.109310038097629,2457
-0.153809810349042,0.105694599615379,2458
-0.147976377464615,0.105281333408425,2459
-0.148390621981656,0.106922646166526,2460
-0.143059788657591,0.099213042011509,2461
-0.142214292736507,0.102293853705358,2462
-0.138474152568507,0.096678546047158,2463
-0.157296655288777,0.104684292735106,2464
-0.175849190456885,0.111508478412947,2465
-0.176987858637241,0.113056526324305,2466
-0.171228005981395,0.109038225132383,2467
-0.161630161172696,0.0992063402467219,2468
-0.155020909405151,0.102209968191054,2469
-0.125282152561111,0.0822605364459291,2470
-0.128025622478594,0.0983841407950508,2471
-0.147236673920863,0.10104096315445,2472
-0.140125410918289,0.0951598340800826,2473
-0.153849057387257,0.099451797031339,2474
-0.139457981373566,0.0991501143115739,2475
-0.133035765733158,0.101154563581328,2476
-0.125996130707908,0.104572074081547,2477
-0.145390445763657,0.100109613383404,2478
-0.125030189200366,0.0994569738038882,2479
-0.127622524006921,0.101172726786398,2480
-0.131352448067265,0.0989640790652957,2481
-0.134900568069343,0.096596139234149,2482
-0.131274253351392,0.0986008700988861,2483
-0.151716387527084,0.0976560395928819,2484
-0.156699126196407,0.103742238442943,2485
-0.158882338404188,0.104858660895277,2486
-0.158746661333422,0.106631765130916,2487
-0.162055473550276,0.109706285920926,2488
-0.144390567040643,0.103186116910576,2489
-0.143112812405409,0.105488576424648,2490
-0.144296806570142,0.107657081441037,2491
-0.098926083382222,0.123145150106277,2492
-0.108666134352288,0.117479662864356,2493
-0.131367332925279,0.104006757283238,2494
-0.144220028049123,0.103071347101737,2495
-0.14522893664174,0.101795947545862,2496
-0.134120079942706,0.0997927138046039,2497
-0.135410566997893,0.100828178767471,2498
-0.121794291637288,0.100466016844413,2499
-0.122175478331381,0.103205790126227,2500
-0.13323538126128,0.100585889561639,2501
-0.140401371558372,0.102782373716906,2502
-0.126575656999414,0.10451428714304,2503
-0.127148217472136,0.102126901650319,2504
-0.132512224761564,0.0996035923320507,2505
-0.12356251912918,0.0993858632018073,2506
-0.161735097425474,0.110152597186192,2507
-0.153218087773064,0.101837321325117,2508
-0.150723219658451,0.102603819837798,2509
-0.132239541422669,0.0984067681754398,2510
-0.141411893363348,0.10347222396181,2511
-0.118591801616795,0.102883054458757,2512
-0.129010346715215,0.101470893952937,2513
-0.140155026737496,0.101396724151676,2514
-0.142617354069062,0.0994525430972005,2515
-0.135723042553061,0.0998460047902363,2516
-0.14379111059206,0.0962881453717626,2517
-0.146280040642461,0.0999702198974807,2518
-0.144180247973279,0.101104633240574,2519
-0.134297197948682,0.0996378727799352,2520
-0.13839323412745,0.0976411067613236,2521
-0.135331411117564,0.0978948296428911,2522
-0.12631892844771,0.0970205491475849,2523
-0.132225109868825,0.0982699605369454,2524
-0.127823766937893,0.0971084120886131,2525
-0.129749028797594,0.0970729493277212,2526
-0.148872046948409,0.102855926806701,2527
-0.137119950984533,0.0993189154097073,2528
-0.150510868983243,0.104784624560495,2529
-0.149238086120678,0.10442948335953,2530
-0.147388239649636,0.101594857100659,2531
-0.151023105446334,0.102867617552677,2532
-0.139272892997827,0.0989526721783269,2533
-0.135927069291802,0.0986017117183354,2534
-0.141021010022622,0.100372316432774,2535
-0.133283274332415,0.100093868455059,2536
-0.15710476595254,0.105440480133064,2537
-0.142180053614669,0.101054040373215,2538
-0.1330939842188,0.102971539275566,2539
-0.134439505562684,0.10550225602502,2540
-0.131520693386056,0.0991430375167934,2541
-0.126642163555205,0.0955835983006875,2542
-0.126651306135306,0.104282368241439,2543
-0.139918897202945,0.104626851089295,2544
-0.144646379267957,0.106869256392606,2545
-0.150731170668026,0.107811859753686,2546
-0.160592014750461,0.112692647392498,2547
-0.156775060608147,0.108602411917179,2548
-0.149882397959399,0.108451170472834,2549
-0.147511689206239,0.105927169164493,2550
-0.147716214687322,0.10651153940777,2551
-0.145571645022102,0.107595330074631,2552
-0.133389228506573,0.108048636337745,2553
-0.137006713698553,0.105560233390475,2554
-0.140549841584681,0.104620930762895,2555
-0.147749332015823,0.108746863583589,2556
-0.137024687596291,0.107845304122021,2557
-0.139059603262707,0.102244726918743,2558
-0.150707378038077,0.108159934140961,2559
-0.144453135379653,0.105760674542527,2560
-0.153099813573553,0.106219638849422,2561
-0.154326596171004,0.107016735418651,2562
-0.152665430058747,0.107800629334752,2563
-0.151570214651836,0.107971066897807,2564
-0.148916177500398,0.105127415826695,2565
-0.144031507428229,0.10244615285134,2566
-0.138897340972304,0.110725059862208,2567
-0.153201647247544,0.111752746911166,2568
-0.154040459415849,0.10765193017622,2569
-0.120363130864183,0.117739375819332,2570
-0.146434052825342,0.110631593232525,2571
-0.117002125445708,0.115966202140963,2572
-0.124394645915464,0.107977401690172,2573
-0.134097167242268,0.102522785628796,2574
-0.140640404327858,0.0994069740482269,2575
-0.148857503862622,0.102628509650755,2576
-0.143759988649898,0.10808251528833,2577
-0.154048044176744,0.103543324728675,2578
-0.153698032669361,0.102572961247764,2579
-0.140406559489888,0.104108570756867,2580
-0.140815244133563,0.104307618532434,2581
-0.155658848458036,0.104241864256731,2582
-0.149844455719553,0.111488246029965,2583
-0.152249996965238,0.0991390885884959,2584
-0.164894945824846,0.104736501003349,2585
-0.166325486335531,0.107582074726551,2586
-0.152854719590057,0.101595995194343,2587
-0.153564662611455,0.102827965067368,2588
-0.1653360529514,0.105468489157616,2589
-0.154210769379691,0.104209533219147,2590
-0.151960631238705,0.103219033642249,2591
-0.167799419560555,0.107990653349816,2592
-0.147780412017665,0.102426619234807,2593
-0.143537554382626,0.101290655606681,2594
-0.146276656729124,0.103617220679422,2595
-0.146213040606852,0.101366937070447,2596
-0.140340751293536,0.102338613664456,2597
-0.140197457444428,0.101898595587843,2598
-0.144756457880881,0.101696526135959,2599
-0.129864163574802,0.105130829410367,2600
-0.114383701553547,0.107585536307343,2601
-0.124145602573501,0.106631459999387,2602
-0.130812922722173,0.103902803834424,2603
-0.143870571571557,0.104634731158312,2604
-0.143628764947104,0.106816703452844,2605
-0.131953145727759,0.106232695603523,2606
-0.130700511737731,0.105486182575649,2607
-0.176519766984971,0.124558355071702,2608
-0.176386862719199,0.113023025487279,2609
-0.163336253174011,0.110413967730253,2610
-0.15821096501976,0.108448582290633,2611
-0.138076857822544,0.102732000000919,2612
-0.134749405097072,0.102854344607537,2613
-0.14115676269947,0.105606416365193,2614
-0.136764964257681,0.100275024753454,2615
-0.136705376667526,0.0834427351316321,2616
-0.136897501575645,0.0964599664692687,2617
-0.14924574236145,0.103345861696321,2618
-0.145321905956916,0.100067827944579,2619
-0.140888218621228,0.103097145772943,2620
-0.146961182220815,0.103521707557563,2621
-0.152790339764532,0.0996865104420111,2622
-0.147976667902604,0.100337440690645,2623
-0.143804519747647,0.102438121854772,2624
-0.146272068726422,0.103905341699731,2625
-0.171597991329381,0.113195639364582,2626
-0.166151571637814,0.108798313419916,2627
-0.15304279376808,0.110172657607294,2628
-0.140066877773178,0.113311696259972,2629
-0.175278976783977,0.112246559982352,2630
-0.169235614786258,0.110514260219766,2631
-0.167155550618571,0.107954433762142,2632
-0.181076858287576,0.113414852996223,2633
-0.172916808706891,0.111609939648186,2634
-0.158245224813836,0.109256372676456,2635
-0.136407747111708,0.11191835209834,2636
-0.150474517206214,0.110308992152946,2637
-0.148570838428987,0.109655972971109,2638
-0.107509397396425,0.118234082893406,2639
-0.131832095208314,0.113852662216755,2640
-0.15098408028346,0.109180496298269,2641
-0.14319815932703,0.109483944527947,2642
-0.144607924778295,0.10802006363826,2643
-0.148909541412474,0.11410445187401,2644
-0.159431761962846,0.113219007176255,2645
-0.155645445429945,0.112370584687622,2646
-0.137513117700128,0.11571151061455,2647
-0.134452025192011,0.111107389402306,2648
-0.161053947216475,0.108461128670088,2649
-0.154145670198685,0.108064557546827,2650
-0.140452499973607,0.111260892572976,2651
-0.139769733009255,0.103111067734548,2652
-0.148747757295052,0.106821911065453,2653
-0.137574668486245,0.112331448081919,2654
-0.150392639275401,0.110487183478306,2655
-0.154363850243046,0.110403106681758,2656
-0.159868940537506,0.112144910782551,2657
-0.159912201705044,0.107235145316238,2658
-0.149642273973998,0.106656409422758,2659
-0.157730363999694,0.112870780537767,2660
-0.163410552572397,0.115003757799542,2661
-0.150769484560156,0.107275974325077,2662
-0.148229385438174,0.109840642969022,2663
-0.140281968100666,0.109451179944902,2664
-0.153170738669049,0.111018644242097,2665
-0.14522622064675,0.110216340782241,2666
-0.14429492856661,0.107741520904512,2667
-0.146509185107149,0.107672578232138,2668
-0.145320639821535,0.110771494407641,2669
-0.145530035819816,0.106993556730156,2670
-0.152652686082002,0.108017767309717,2671
-0.159131358846297,0.113599614498836,2672
-0.152630353732772,0.108218740939932,2673
-0.157581017276971,0.108888245161987,2674
-0.15068296758553,0.105448597411522,2675
-0.141293797080839,0.106758106863062,2676
-0.14638591545284,0.109094774179835,2677
-0.150284936021729,0.107855770372961,2678
-0.144521222850018,0.106746092423631,2679
-0.156202841947701,0.11163514287266,2680
-0.142091507044685,0.103747589007593,2681
-0.15882841940884,0.112916373989973,2682
-0.137983031316912,0.105574800308689,2683
-0.164090091870047,0.118769179783829,2684
-0.17248925579166,0.113578225298777,2685
-0.184841098656048,0.079711457624066,2686
-0.172618986063983,0.0778415311308499,2687
-0.161872711330081,0.0753066004562894,2688
-0.171729704071044,0.0785293701719826,2689
-0.164857540338697,0.0721569476774827,2690
-0.17205411656686,0.0795529806126802,2691
-0.16959544480167,0.0796281817800958,2692
-0.167796925196033,0.0732232158251236,2693
-0.161706563873386,0.0751669418817691,2694
-0.165620147491354,0.081153400076739,2695
-0.16563392102415,0.0811540526460146,2696
-0.159199126500688,0.0810003719244562,2697
-0.152320321555627,0.0771420840017714,2698
-0.144638278735509,0.076861345925723,2699
-0.069273191998262,0.085823196599452,2700
0.133250318956338,0.11023672097215,2701
0.240553666248318,0.108523276391145,2702
0.272582132848515,0.0917939462525703,2703
0.284507375037989,0.0859449196019124,2704
0.2843930623609,0.0872646924624879,2705
0.282726162307615,0.0923854835410488,2706
0.286598226378205,0.0952191026588599,2707
0.28020737034383,0.0888785485542627,2708
0.285325375784456,0.0925225048976352,2709
0.285773419651631,0.0870882310428165,2710
0.284505478006548,0.0933526600280187,2711
0.288760059193594,0.0744006825492073,2712
0.283546985477815,0.0946583614110806,2713
0.284786695895497,0.0866067190740174,2714
0.278448564121167,0.107969561806947,2715
0.284991733113709,0.0923282458516322,2716
0.287968790908428,0.0796256530487117,2717
0.278439511810967,0.0728919674470944,2718
0.284964271368524,0.0744814209738968,2719
0.286369355786478,0.0589776933005598,2720
0.291276623823272,0.0523138734982563,2721
0.285648815739417,0.0642295167649979,2722
0.284858418229542,0.078212844030301,2723
0.284632037277992,0.0820081351861504,2724
0.292626117566057,0.0788164569204966,2725
0.288509408170602,0.0803532209963734,2726
0.286675965737449,0.0759837227751015,2727
0.286439249939092,0.075761899689515,2728
0.287026385197391,0.082104502805018,2729
0.288462556359742,0.0726851662292664,2730
0.28896449973517,0.066960601553117,2731
0.289559118810249,0.0716174094969508,2732
0.284189936532254,0.0775961507934061,2733
0.273069746600796,0.07051711544095,2734
0.275753491504765,0.054626601279695,2735
0.27126240436423,0.0698770547852985,2736
0.280566572395479,0.0770999281573642,2737
0.284678313950868,0.0731128952693802,2738
0.284035585420826,0.0802494249585657,2739
0.282255612136166,0.0824890297821497,2740
0.283178147499436,0.0726327949141487,2741
0.287427661733615,0.0758498251032683,2742
0.297553319112531,0.134597029279173,2743
0.297219767197297,0.152682309240503,2744
0.304188999312578,0.157864760369017,2745
0.303911331944255,0.149194240518034,2746
0.305725417756614,0.156731719767156,2747
0.310812051614694,0.150459480439532,2748
0.307875492223377,0.150143787151598,2749
0.31801028090718,0.144965539035605,2750
0.312249162603675,0.156165315363044,2751
0.307231077129929,0.148989503137917,2752
0.335899013366762,0.148095111320087,2753
0.341577218084494,0.145663194176418,2754
0.348143361244647,0.136313325341659,2755
0.346235896227158,0.142142894663932,2756
0.343827880171885,0.140637626560372,2757
0.342931350852473,0.140314643196167,2758
0.345797814784754,0.137229241431963,2759
0.347348287796417,0.143444593895133,2760
0.347513114076349,0.13103468504498,2761
0.341881274008124,0.121802772759635,2762
0.342397481500816,0.118090667005852,2763
0.345236398951947,0.129248742321872,2764
0.345683327132783,0.1277852733557,2765
0.348017214011229,0.126165916377244,2766
0.346788246209141,0.126666020429959,2767
0.348709799683695,0.135047090756774,2768
0.34624667165679,0.138225261417482,2769
0.339950460675325,0.133620352382729,2770
0.343667838692717,0.146401466461504,2771
0.354360327268811,0.174195162878593,2772
0.345857877145284,0.202416721343514,2773
0.343884657843798,0.189225447206213,2774
0.343641890662333,0.176906263153329,2775
0.34141956003668,0.186378954954331,2776
0.340120825612295,0.183231934926496,2777
0.340925094801307,0.184198783385392,2778
0.337256115723969,0.194801663945153,2779
0.338768793419285,0.184588399204143,2780
0.338493902341026,0.172735102416818,2781
0.334164130050647,0.179209433016076,2782
0.337183253004217,0.188697590356836,2783
0.341593008656546,0.187293886944406,2784
0.35381831703737,0.168364747435194,2785
0.354380028361952,0.166335341090042,2786
0.33725462524408,0.214269084820373,2787
0.351055208259972,0.185500061016242,2788
0.348382069608488,0.182194711593173,2789
0.354384806675622,0.183629451499767,2790
0.350880499060113,0.191326999584003,2791
0.352472142375653,0.181056347399664,2792
0.350446439701641,0.179661126247734,2793
0.350141153843791,0.171429053917658,2794
0.353210732261143,0.170237959534826,2795
0.349553545057307,0.173760555271741,2796
0.348698136582859,0.162381577544493,2797
0.349069477856324,0.162984777973084,2798
0.346920941150985,0.167661081487735,2799
0.35202741750532,0.162715827029873,2800
0.348403622014847,0.172962119757214,2801
0.353612364449381,0.151445094908208,2802
0.346580745792432,0.170473205795332,2803
0.344222210112053,0.168197688678943,2804
0.34739507212408,0.17677154208282,2805
0.348429743817221,0.172601245110071,2806
0.347532018839234,0.183051613224236,2807
0.358490035354555,0.178406124981646,2808
0.355967400019822,0.175951736090389,2809
0.350892913946776,0.169854530037195,2810
0.350743371498557,0.158192501494749,2811
0.35437840252044,0.146749672182444,2812
0.355489483115932,0.161255501510305,2813
0.352213478432203,0.157781196039029,2814
0.349004315253908,0.164151908702797,2815
0.349052333269833,0.172249317601536,2816
0.348765419939961,0.15567581253766,2817
0.348737438111997,0.175074900636858,2818
0.349248062045746,0.174181255816668,2819
0.347859668856393,0.186342419658747,2820
0.352084668449783,0.177191595089639,2821
0.358382899222304,0.180713312882454,2822
0.353290224800128,0.167760921214244,2823
0.350194785437146,0.159953808411118,2824
0.345891273225854,0.170039920317977,2825
0.350454719990754,0.168852832212156,2826
0.340894111663641,0.175283715778764,2827
0.345965820804949,0.177747117266979,2828
0.348815223644193,0.174034389460407,2829
0.348311258902601,0.172424547782703,2830
0.347816438903474,0.171452327821995,2831
0.350366515205439,0.171420232049169,2832
0.347363430479193,0.173098029124472,2833
0.356567103742623,0.149225149819117,2834
0.355805082483448,0.161216296796073,2835
0.353174778503303,0.17580642605823,2836
0.347303533228307,0.187880630940802,2837
0.351768192930697,0.174516420146458,2838
0.350960996225495,0.163759426232096,2839
0.35482828023518,0.151548848202315,2840
0.35438960974269,0.146561575674081,2841
0.353145147749303,0.133471618124373,2842
0.351033008037041,0.129277695169853,2843
0.350579313139802,0.144425071993318,2844
0.349871573905512,0.137252312302533,2845
0.35199517506449,0.132447330741398,2846
0.3495954118999,0.130601257427565,2847
0.35181233907961,0.131575166893707,2848
0.351674823981149,0.130050016011474,2849
0.352264433779574,0.125562661310688,2850
0.347116935888991,0.123341266509636,2851
0.344219732847659,0.117142286135291,2852
0.341999503235035,0.116336813971535,2853
0.346181669167241,0.0873256158001176,2854
0.346229959074116,0.123801086581441,2855
0.344319520565898,0.130042396883636,2856
0.338492542544578,0.149790516546729,2857
0.342016583750024,0.132020092489459,2858
0.348340810305725,0.129238990189804,2859
0.346491110370573,0.118672226024281,2860
0.34366382778809,0.111841627173579,2861
0.338816750343965,0.114306014744842,2862
0.338491371013456,0.11662470509048,2863
0.341087685783131,0.131842011941394,2864
0.341939901474704,0.129574224812633,2865
0.346500690371345,0.115825236403989,2866
0.348358987262053,0.117144233587761,2867
0.344358923065563,0.113933537303919,2868
0.342076139150881,0.119674223832948,2869
0.335902146771516,0.102850546900859,2870
0.342129064651891,0.109273134371239,2871
0.342885082621987,0.103301447943782,2872
0.345407572154765,0.121743908928086,2873
0.348312889638305,0.136387563120341,2874
0.349105094108278,0.130729891199891,2875
0.3461505226824,0.131130616426697,2876
0.351069703985599,0.141103695507826,2877
0.352771297588059,0.139265581085966,2878
0.355312042350549,0.138275803773878,2879
0.353689788746446,0.142027570034846,2880
0.351158025975241,0.132292410387503,2881
0.349128883677256,0.125817755903564,2882
0.35153443907943,0.137680818714527,2883
0.352179189107973,0.140610715061929,2884
0.354665250819387,0.137239409028731,2885
0.356511434656435,0.143800787264565,2886
0.35358554334778,0.139361681187532,2887
0.350899991266891,0.140730172893335,2888
0.349712950080919,0.13076255432536,2889
0.349318172086773,0.135966363093199,2890
0.346182144279402,0.124478472379426,2891
0.349312429400898,0.122473184278702,2892
0.346421984476976,0.131948804791373,2893
0.348855951745938,0.140396557201423,2894
0.353260575386,0.143473700271954,2895
0.351769726130395,0.138457419487926,2896
0.356766372138945,0.143236601555172,2897
0.356947439763571,0.144495192044961,2898
0.356952312404565,0.142993896446343,2899
0.356856376056864,0.136163523616584,2900
