"PC1","PC2","time"
-0.176646179976867,0.0622653148821054,1
-0.151440723452755,0.033450478725916,2
-0.135983657989223,0.0190608420822284,3
-0.139211770800975,0.0152247135794673,4
-0.143935864803584,0.0197291428182797,5
-0.171209062638963,0.0452126891374734,6
-0.150531840495961,0.0281096389860892,7
-0.192475870709742,0.0696473034023463,8
-0.183239584786,0.0316707113710715,9
-0.170738535150685,-0.0116529161947836,10
-0.188383939960277,-0.00204591072811547,11
-0.174641390969453,-0.0148309831130053,12
-0.186173177954734,0.00729980056777959,13
-0.190847826772326,0.0096955918004802,14
-0.176754018188572,0.00210611082999713,15
-0.185186276669669,0.00519298602232593,16
-0.238263041032128,0.0554783090990975,17
-0.22097105873347,0.0419811398087537,18
-0.179894224650657,-0.00295967046976254,19
-0.172685903945581,-0.0156030635764645,20
-0.21305463259271,0.00990340133568112,21
-0.214960233856208,0.0198414132279471,22
-0.211005554179804,0.00604495516568631,23
-0.200815562750107,-0.000154941955305753,24
-0.207142094392746,0.011037935129376,25
-0.214177303080119,0.0159798808121012,26
-0.212536113392886,0.0180271817755836,27
-0.202217544592873,0.00566459626539147,28
-0.199509629457366,0.00100906453542458,29
-0.203601767310567,0.00630270190234416,30
-0.20518313217491,0.00671283083813837,31
-0.227490480498778,0.0345138931796611,32
-0.216751918445765,0.0163549745024408,33
-0.222760203014303,0.027031579541744,34
-0.211615830444067,0.0173615324614183,35
-0.221038989304239,0.0319320179184629,36
-0.226698242889374,0.0394632322480334,37
-0.22224057877343,0.0309596045094559,38
-0.226610001341401,0.0245761483138968,39
-0.221930419508633,0.0271399710855932,40
-0.205481901622037,0.00648904324560107,41
-0.21116951063044,0.0199458556253677,42
-0.199462974116746,0.000769037917519064,43
-0.190751341942988,-0.00565726353548147,44
-0.202696350083551,0.00956163592550623,45
-0.178112540541964,-0.0160253718010899,46
-0.198167852126215,0.00421675684493881,47
-0.21495236812525,0.0134292201145173,48
-0.212937743574122,0.0199813022500635,49
-0.20996199847615,0.012933295989582,50
-0.207352761186334,0.0159221589051899,51
-0.21807232420657,0.0279865840971539,52
-0.204570331718334,0.00761803929311275,53
-0.164218991372962,-0.0420604005479311,54
-0.194544166423951,-0.00275059280662603,55
-0.200004099235545,-0.000223281955821072,56
-0.202230227530257,0.00327531712878304,57
-0.200228481530429,0.001717581807859,58
-0.20179924029112,0.0125267504295829,59
-0.206176423703367,0.0135308030201737,60
-0.209485177313129,0.0199228101197608,61
-0.21444123618742,0.0308727891967914,62
-0.182583645943914,-0.00738905031194146,63
-0.202361802013377,0.0140497677406213,64
-0.227723544184507,0.0374643850915927,65
-0.209106177333601,0.0159665210828768,66
-0.220890799185822,0.028311432238748,67
-0.187921904880673,-0.00487671071350445,68
-0.202848881968333,0.0166542936658453,69
-0.183438914552925,-0.00867925692318471,70
-0.195835674373531,0.00426583717415307,71
-0.197084162691919,0.00498356474673987,72
-0.201022488313505,0.00477462509176667,73
-0.214408289811535,0.018270508746873,74
-0.230084725987703,0.0401803142461371,75
-0.233324093971257,0.0485893312725438,76
-0.20249947894968,0.0146782818420744,77
-0.216093555951917,0.0288648956214425,78
-0.235395938699409,0.0370078762093675,79
-0.228868718895063,0.034490455188808,80
-0.213430035174801,0.0130119777820135,81
-0.216414059297166,0.0174432116285445,82
-0.19424231941515,-0.00874429975340967,83
-0.187220795897508,-0.0102047347553162,84
-0.201127377108696,0.0111290573163178,85
-0.213088432538159,0.0251386142581749,86
-0.238030564878578,0.0534622103387553,87
-0.22217327449304,0.0331757110761108,88
-0.219518814061953,0.0271076276926103,89
-0.199956607065862,0.00315717114809707,90
-0.211510418387811,0.0199661978780753,91
-0.20906118318103,0.0173768142155883,92
-0.210523226158337,0.020450479180186,93
-0.193424005909959,0.00266552751065354,94
-0.194130652234816,0.00161154486018574,95
-0.217382363725362,0.0234918066354464,96
-0.221364870522216,0.0302219934817073,97
-0.239589571063827,0.0563936085869601,98
-0.229896309551449,0.0424872444394159,99
-0.216425142436149,0.0248004128006716,100
-0.222631137232854,0.0260724880827071,101
-0.20279782945038,0.0059573265984074,102
-0.21895110858006,0.0277177785128652,103
-0.218004633327918,0.0169709332567097,104
-0.218397654027446,0.0210311701096448,105
-0.241677000077619,0.0513412591473516,106
-0.2219967347736,0.0291311388923088,107
-0.235240632802534,0.0397842582734301,108
-0.242496546693878,0.0456017493730835,109
-0.234028263277332,0.0323626144285315,110
-0.211638654584687,0.0093556660096405,111
-0.221111414365164,0.0246840768477781,112
-0.212222572633984,0.0089397441366485,113
-0.213461345061636,0.0159990655864653,114
-0.213329191321831,0.0132184552467295,115
-0.225574885565777,0.026926100478273,116
-0.225289004796668,0.0264411319604382,117
-0.216468710771684,0.013840781853923,118
-0.205814512202188,-0.00526944708104297,119
-0.216884159163398,0.00785530130217804,120
-0.223061205676916,0.0175433528162705,121
-0.222326554311169,0.0205764282721242,122
-0.23759011483707,0.0370943537397016,123
-0.237633767934728,0.0358684902640464,124
-0.231959193949681,0.0309372355030207,125
-0.229012672209707,0.0250502775550174,126
-0.217376054495496,0.022942106794797,127
-0.212733435454747,0.0134617662978914,128
-0.23477746783308,0.0633276288114484,129
-0.240057554199585,0.0736686383738348,130
-0.2483977119343,0.086181511935735,131
-0.241605364626138,0.0864565145294136,132
-0.226679411074193,0.06043894867046,133
-0.226764754487953,0.0550862741969098,134
-0.226236461812209,0.05024818007127,135
-0.220495911197629,0.0560497241728522,136
-0.235831384781945,0.0817355449869266,137
-0.219694352976496,0.0580502671216922,138
-0.229802235918851,0.0698191874744068,139
-0.221524672256387,0.0517436038861466,140
-0.227873084335528,0.065895986790218,141
-0.25344394615631,0.107920930446278,142
-0.237472567075435,0.0945562053448751,143
-0.240268294165768,0.106515700271439,144
-0.235377594828849,0.105736777957107,145
-0.230795756491396,0.096602362492891,146
-0.23264603856114,0.0967262690883664,147
-0.23052224518204,0.0969749740649303,148
-0.233215631421688,0.0986378368483586,149
-0.236303705268857,0.108462714930413,150
-0.151455159521044,0.012496087359436,151
-0.176301137202548,0.0343959714885705,152
-0.197418970890238,0.0577759869140395,153
-0.18153879583702,0.041573414712749,154
-0.211030895667581,0.074583390151607,155
-0.225703756530914,0.0961040767723583,156
-0.197567900718685,0.0613755954251211,157
-0.213661502657304,0.0774988746807638,158
-0.21876955719953,0.0781143455156875,159
-0.232132313969041,0.0986460920198951,160
-0.237745488105911,0.104198826871703,161
-0.250669875264355,0.126255151476376,162
-0.241065336844527,0.10308227506173,163
-0.241221862332545,0.104838306988884,164
-0.239515032794928,0.104402219850351,165
-0.23593335423683,0.0970084941331389,166
-0.240629412449251,0.105827136484082,167
-0.235617781276963,0.104947951576332,168
-0.230427964751656,0.100504938256325,169
-0.234783354186377,0.103054527666333,170
-0.238087702318405,0.110796777237328,171
-0.237499007447282,0.10673439746662,172
-0.246963720013136,0.116668942203254,173
-0.260086210033299,0.119331829314583,174
-0.26673355873604,0.130676590184723,175
-0.262668352624731,0.122159833286842,176
-0.261986797985452,0.122746966872065,177
-0.266660711991696,0.12924407693153,178
-0.264764831343963,0.122010745315645,179
-0.277741685010202,0.151866927829293,180
-0.271954388458524,0.142312506066974,181
-0.273045907816997,0.135298060770184,182
-0.272848875730292,0.134641223488497,183
-0.268971553266338,0.126772547932011,184
-0.274549090215969,0.135352055903492,185
-0.26691789174626,0.128216468356329,186
-0.273491171932647,0.129372441472205,187
-0.270399652348442,0.123774615445519,188
-0.268409206553479,0.126634583320865,189
-0.266862446957749,0.123665388250754,190
-0.257616901201733,0.110347159168216,191
-0.26688184282247,0.127949761128688,192
-0.263191214901014,0.122227433780794,193
-0.257466330179431,0.113338515513724,194
-0.261380551072231,0.118047851920563,195
-0.2689185439885,0.127657109850869,196
-0.270465471324491,0.131735437799875,197
-0.269984880819653,0.130923725418663,198
-0.264144077232003,0.12044940759647,199
-0.26704285676387,0.126180081672595,200
-0.267303723769245,0.125117195174614,201
-0.271821740923924,0.123851470250909,202
-0.276476521136282,0.138740268018966,203
-0.269808751829573,0.126543181651147,204
-0.243750587055996,0.0808559974982194,205
-0.263442280108062,0.11046453573194,206
-0.264923679190285,0.110720274967597,207
-0.266708537246474,0.118154203702552,208
-0.265784984198461,0.122519928719994,209
-0.265352949270992,0.126290126876663,210
-0.266597236051625,0.129770258980543,211
-0.267372937723003,0.12924417108189,212
-0.271746567138808,0.140661543849921,213
-0.271363670421081,0.13790033696542,214
-0.272384241464079,0.139894471370855,215
-0.27055116579571,0.132978781865442,216
-0.261025121767171,0.117609908874757,217
-0.267782850800718,0.13002939304715,218
-0.276036461756329,0.143339189910733,219
-0.276074366170023,0.144291527803504,220
-0.269835922799844,0.133651298556684,221
-0.268051015941369,0.127907062021888,222
-0.267803900067235,0.125874024171662,223
-0.271899798379291,0.132785469206416,224
-0.267316185956241,0.126643918702136,225
-0.268248973390677,0.128436653636907,226
-0.266838071539276,0.124622783475309,227
-0.280032854034086,0.128452305629021,228
-0.277381336885704,0.129296779245093,229
-0.267403374219778,0.112080601687505,230
-0.275867922911079,0.128857172077272,231
-0.27072540918318,0.12138049636626,232
-0.268440471574669,0.1156080048288,233
-0.280097741997788,0.14149234280783,234
-0.282675939074981,0.14158794690584,235
-0.276873949313082,0.132972324361747,236
-0.280869258456131,0.138564065658672,237
-0.271881065930583,0.116835174437548,238
-0.278353223907376,0.12815054212953,239
-0.279514669040317,0.12984823840439,240
-0.277403739991577,0.12956361190319,241
-0.281429787083564,0.139135530450202,242
-0.28504252268886,0.134934632341103,243
-0.275405315360391,0.126202178801248,244
-0.265442170758801,0.112557586403866,245
-0.275970437476348,0.130146083973611,246
-0.274468912562473,0.124747904150167,247
-0.280900690133915,0.126317603168152,248
-0.28092286082301,0.128514704349253,249
-0.283405796760749,0.127137327206953,250
-0.277050842380192,0.126207824966832,251
-0.277226538096677,0.12979112483338,252
-0.274987808046207,0.127436308762106,253
-0.271733245671404,0.128882643792213,254
-0.27473790596188,0.130082077641264,255
-0.265141699713856,0.11638173741435,256
-0.268393288215963,0.120847182338102,257
-0.273793950482323,0.129276718670638,258
-0.277096630908185,0.131011225420528,259
-0.282007567736825,0.134605246792137,260
-0.273356422566001,0.125467011446865,261
-0.286068986798324,0.126417092994993,262
-0.285645269961625,0.132204856102841,263
-0.279821688382618,0.129854908069576,264
-0.277836947900876,0.126481710814066,265
-0.27448199386332,0.12722845534535,266
-0.270877895632042,0.115971348396806,267
-0.274310553219949,0.124953377797194,268
-0.28016546360182,0.131881514517801,269
-0.274224429015007,0.123976827170244,270
-0.27397818302443,0.127259917352349,271
-0.275325114974389,0.130157427216989,272
-0.27728641514861,0.114417012004281,273
-0.226268025977764,0.0496418588461306,274
-0.272869227115696,0.119970287737374,275
-0.267632118445534,0.113974130852628,276
-0.271795431726176,0.124052889049002,277
-0.261228548596701,0.105107526698007,278
-0.272984404035164,0.122142289260388,279
-0.285509803474282,0.147898483770578,280
-0.274538856680615,0.125857182380793,281
-0.268250099217525,0.120322523631773,282
-0.268835664184144,0.118935560454749,283
-0.266553795623924,0.110126734813319,284
-0.229737376121102,0.0623982025860443,285
-0.265465069107859,0.112070256456919,286
-0.270294592317512,0.114324887193625,287
-0.26145982208204,0.111323866490891,288
-0.256063919073336,0.115176578582999,289
-0.259440495135979,0.137466945537833,290
-0.263744778317394,0.144741241650288,291
-0.250391189806675,0.122689692525344,292
-0.253363981448276,0.130816745175216,293
-0.247742319512403,0.120227448497876,294
-0.238120668719491,0.108031546546655,295
-0.245631034561004,0.115881652327558,296
-0.245107075580597,0.112259370697567,297
-0.249699093764096,0.1196737213878,298
-0.247683592128951,0.119646694430032,299
-0.242820232015965,0.092270478931514,300
-0.230342863033147,0.0879725579174356,301
-0.237889459820114,0.107780421433395,302
-0.246654186374934,0.130174980379604,303
-0.242957667346381,0.131372367611888,304
-0.22991953886184,0.108794407383199,305
-0.243334567775155,0.12170316888035,306
-0.239026190812867,0.119691899933379,307
-0.228274219240311,0.104727594529545,308
-0.244301447730949,0.129449420389552,309
-0.24113791200836,0.12086996012223,310
-0.244261760912544,0.128925635859017,311
-0.244026458046893,0.130270007125433,312
-0.243752595567807,0.124621702739508,313
-0.245330595681352,0.119242435545484,314
-0.244788819013212,0.11764757775781,315
-0.246204248877862,0.1184744494063,316
-0.252572804814784,0.127677733701716,317
-0.247170691427546,0.120704921789409,318
-0.252055013209899,0.129167157089274,319
-0.246714551186513,0.124541787244757,320
-0.253852220872869,0.132552796760708,321
-0.256390674588093,0.134007099230476,322
-0.253720903969978,0.136197078156511,323
-0.258522059565298,0.141512747667995,324
-0.244968265988684,0.118869121938353,325
-0.241434808127176,0.11242213535204,326
-0.248664132061207,0.122179383038878,327
-0.237488808747474,0.105791299384623,328
-0.253991959482606,0.132132908052497,329
-0.252207322599582,0.131272845211869,330
-0.254234316976186,0.12199480209394,331
-0.252411717806361,0.127312212721569,332
-0.24783500508799,0.124071343420016,333
-0.242739824361448,0.113746563880423,334
-0.250205511905857,0.124411479969527,335
-0.248889328920147,0.12393910606323,336
-0.255574490741611,0.135944760726571,337
-0.252993469040103,0.130512615729466,338
-0.25208888700583,0.12269447069632,339
-0.244093478531717,0.117677863764711,340
-0.237029013215962,0.109235637221744,341
-0.229205891238325,0.0949355243219952,342
-0.241150136851283,0.112859181884503,343
-0.243613859458039,0.113922098497134,344
-0.233737584853645,0.101572273689704,345
-0.245632671712022,0.119778159507347,346
-0.253563286623876,0.11935311836549,347
-0.253970767218227,0.126299060232637,348
-0.252354851757107,0.128643096535716,349
-0.249694576806197,0.123511735745781,350
-0.255034206903223,0.134936153265469,351
-0.253236206574898,0.127103135777565,352
-0.250751240258587,0.126634698077762,353
-0.236262958559683,0.104058901274485,354
-0.256266234823871,0.119283836318312,355
-0.271280243910535,0.147898386338573,356
-0.258219842408535,0.133618579823835,357
-0.254528779863204,0.130287630676851,358
-0.24757037398707,0.121358058423384,359
-0.252801338872745,0.129663265211367,360
-0.242463239158104,0.119090307922292,361
-0.235709511955018,0.108243801286319,362
-0.239571826252161,0.115158744168776,363
-0.24668683931988,0.123845547894429,364
-0.258670082976335,0.141967462643652,365
-0.257201460268953,0.139371959004333,366
-0.244503975704734,0.114421287748881,367
-0.263606626095658,0.143413553085426,368
-0.26588614044623,0.146671031884383,369
-0.260481860843464,0.135337013883528,370
-0.264111207089982,0.138611622944068,371
-0.257366771947668,0.136652293927137,372
-0.25641126636208,0.130767612646041,373
-0.255324119322995,0.13098517955634,374
-0.258255241810571,0.137140690455952,375
-0.252138616310259,0.124973703744414,376
-0.256195901274803,0.132534759223147,377
-0.254130332264598,0.130123621660271,378
-0.238734058992642,0.10744071991165,379
-0.252424683561179,0.12495541079753,380
-0.255634372948713,0.128471418978604,381
-0.255415972546137,0.129064395800132,382
-0.250631000579526,0.120210435248957,383
-0.237095645678774,0.103320322881543,384
-0.249378972459878,0.119644912312873,385
-0.243845311346991,0.113649243017784,386
-0.253607653751722,0.126306701504828,387
-0.252552183003374,0.129580223939281,388
-0.250625183666196,0.124859398770174,389
-0.257813814848803,0.132851697046402,390
-0.263612829679844,0.144487363344735,391
-0.259692656545136,0.138485968405543,392
-0.258756365528412,0.135396063097435,393
-0.252121412120934,0.12253005181237,394
-0.247270188290702,0.114802896828589,395
-0.254397332178035,0.130784346915402,396
-0.253087368608139,0.127867098028836,397
-0.247747967096422,0.124972385821616,398
-0.252215614351357,0.130816499070221,399
-0.267406912615338,0.156685555313027,400
-0.261318141186821,0.132767019984718,401
-0.260094112405927,0.134335742319645,402
-0.259915621479544,0.137340045367719,403
-0.261456354733303,0.13757152967573,404
-0.255252941120647,0.127776541307344,405
-0.258913590630802,0.133886216818937,406
-0.255960376169852,0.129449002366053,407
-0.251235664305162,0.126495967065141,408
-0.254417062941894,0.123313534619435,409
-0.25650379192649,0.137913535569487,410
-0.253588973146863,0.138385059727318,411
-0.249773632520946,0.123865649423786,412
-0.251522623886292,0.127261423295338,413
-0.261922226515967,0.136944542355812,414
-0.260167982940836,0.13308532356065,415
-0.254930573575697,0.129203227780708,416
-0.254370580055119,0.127379048490179,417
-0.25025922585726,0.122865326339732,418
-0.255636865687494,0.131913773076957,419
-0.248131302878406,0.1185581116415,420
-0.257257475789801,0.134524345156561,421
-0.256173469995504,0.131074799257106,422
-0.253213760836299,0.131441612175758,423
-0.260186001383427,0.143319056119406,424
-0.25887566760008,0.134949682602281,425
-0.256916211320791,0.13110013800325,426
-0.265316880874519,0.138651550854921,427
-0.26069931800822,0.14261974548084,428
-0.256547767766929,0.132969195194395,429
-0.250988768686634,0.124000565201655,430
-0.250634461937404,0.123193873922728,431
-0.260552370417642,0.141594346404839,432
-0.260673712551375,0.136197656713862,433
-0.256508755114113,0.132275206815073,434
-0.259534477999901,0.131423342791235,435
-0.255715238819779,0.13733737725284,436
-0.252147134005872,0.13152377765482,437
-0.251090640592648,0.124868980329188,438
-0.258499959404874,0.132059749026235,439
-0.255910972411864,0.131112236511429,440
-0.240102286979859,0.103788760902684,441
-0.248530195568703,0.118645201188248,442
-0.2641860802748,0.140767452265957,443
-0.259126659971616,0.129803396601167,444
-0.258528592934393,0.121499091208702,445
-0.253121975906379,0.118542576558645,446
-0.200426783925165,0.0545190429152891,447
-0.232647122432009,0.0943279861480856,448
-0.250565388101152,0.122900021070103,449
-0.257625593722908,0.13325914618049,450
-0.25158612781142,0.125495413359838,451
-0.252844056506893,0.131807777378074,452
-0.26102432590867,0.142702640309956,453
-0.25291368477601,0.130671242966623,454
-0.250001820153898,0.126771350122833,455
-0.250872344080046,0.131402933516083,456
-0.259926520604675,0.141549518744694,457
-0.253502620591802,0.136838595257207,458
-0.238862537270304,0.108610473899182,459
-0.248469835313344,0.12321420533603,460
-0.243860119793504,0.109682878086284,461
-0.249250122696191,0.121228402147146,462
-0.246395760232671,0.118762321464841,463
-0.252155227683877,0.12149185428256,464
-0.258004826923443,0.126182791202106,465
-0.253942735406536,0.116382240978286,466
-0.260840371235977,0.130567734190283,467
-0.24491577578919,0.0971562244218904,468
-0.241831910619379,0.107553883446244,469
-0.254642367113364,0.128273404006847,470
-0.249533863844606,0.127228794203303,471
-0.258701065824961,0.134507266758693,472
-0.255329907722205,0.126882263620411,473
-0.256021635533949,0.127076331071695,474
-0.25448565351585,0.130283528527812,475
-0.25863508715514,0.136037224847802,476
-0.257947185819731,0.131358494469683,477
-0.2520769495655,0.12654652663337,478
-0.256161580026069,0.137306377543204,479
-0.24796572526349,0.121801787075671,480
-0.247634990780467,0.1217935364472,481
-0.247517629248941,0.115091437264224,482
-0.240541790255017,0.117824434674068,483
-0.244419585471717,0.122340204692174,484
-0.24570114096056,0.121880239243335,485
-0.247074219431851,0.129009255637177,486
-0.246374932033385,0.127980052125768,487
-0.24789189909899,0.12928245952453,488
-0.24224380911912,0.124819997422651,489
-0.23246695230522,0.113520472455152,490
-0.237427718619423,0.117924208715767,491
-0.234652497805405,0.119032370402373,492
-0.238952802285162,0.121643289048134,493
-0.235264435001005,0.123384830754832,494
-0.237231224220835,0.120632864995591,495
-0.242424456573869,0.124815946860261,496
-0.255018857475902,0.140442742536941,497
-0.248581678568525,0.130765588082439,498
-0.244932059013301,0.121116030038593,499
-0.24337402634162,0.116087132545699,500
-0.246582677906667,0.120600715734153,501
-0.255273209724974,0.131036845636963,502
-0.255646980757111,0.12750537456825,503
-0.24704202551366,0.115722540744514,504
-0.239186209087524,0.0983919272181947,505
-0.246584133745931,0.10746612401189,506
-0.24798330158147,0.11116333571545,507
-0.252307109498346,0.123170920541997,508
-0.249002570898309,0.118927906556269,509
-0.255733711876316,0.121388553380995,510
-0.26272893028031,0.125949982143322,511
-0.26204404401606,0.133036810087453,512
-0.261286238897937,0.131031620141497,513
-0.234359672566227,0.0906524517326779,514
-0.251550449869964,0.119747505100482,515
-0.258802609709468,0.129518890638455,516
-0.260207604430043,0.128639742976098,517
-0.256860748646225,0.118659899922103,518
-0.262047222224064,0.126604880587803,519
-0.250877255282538,0.113892750866029,520
-0.245044723531437,0.106981005480872,521
-0.260330455365195,0.132221073930189,522
-0.265423013274544,0.13907935490919,523
-0.261547595712764,0.127838537609252,524
-0.255820166629018,0.122529003624572,525
-0.25576071500286,0.118947663187192,526
-0.257611881201012,0.116413220690816,527
-0.260521549975708,0.123961280728666,528
-0.261398777755933,0.129196341350643,529
-0.256303310211917,0.123445995127221,530
-0.254149389989745,0.122495134318958,531
-0.244926914641552,0.0999634818007742,532
-0.256619102187634,0.113305442192144,533
-0.269619082222547,0.11611611580066,534
-0.273397758139236,0.132510251161621,535
-0.260222004039577,0.114386955712449,536
-0.259395390426124,0.11571626383834,537
-0.254163820450848,0.106730324124896,538
-0.258409289718016,0.11804198030763,539
-0.253756463583263,0.109629408943272,540
-0.260951839226799,0.117758902743638,541
-0.259420975198657,0.11675378752348,542
-0.257372459235325,0.111566927225722,543
-0.266678827286491,0.129095462769357,544
-0.262954905321071,0.121017092942806,545
-0.254047600334227,0.118243738859224,546
-0.252855661612222,0.112803193651161,547
-0.267602011889733,0.138101758441833,548
-0.267122437800691,0.132355640720108,549
-0.255833415776139,0.115019370180137,550
-0.256310384221806,0.117250682712875,551
-0.260315501142355,0.122079153804479,552
-0.269291825433414,0.112033809500453,553
-0.266631031622887,0.111601979520928,554
-0.269171125462907,0.125069768203993,555
-0.262418449095764,0.114436493499498,556
-0.260252605500379,0.110762433004708,557
-0.263535886695249,0.118734574807991,558
-0.255970091009634,0.109413038941378,559
-0.255313288924455,0.108565441513785,560
-0.252765215702004,0.108827231116991,561
-0.257589568978302,0.1139037915164,562
-0.253131315605574,0.098265307897259,563
-0.254946881553927,0.0975102348556328,564
-0.257711122793752,0.109602992028394,565
-0.24420176190894,0.0866433583473538,566
-0.255769165101104,0.110298119112778,567
-0.257034654765535,0.114604800535287,568
-0.24811674587639,0.103813447751827,569
-0.250322249896996,0.107923095644313,570
-0.252833900224057,0.111549501847193,571
-0.25532536426274,0.110919323886543,572
-0.253348466338187,0.10844998693711,573
-0.250057365148261,0.104143684505688,574
-0.252822932923602,0.111045988065283,575
-0.240330769536398,0.0950480229434318,576
-0.245832511304694,0.104574795113581,577
-0.24133653333714,0.0908887000503607,578
-0.253873372934568,0.109869374217745,579
-0.243919131897149,0.0981181766552922,580
-0.245933427076859,0.101654555815255,581
-0.256077970367852,0.11689711549371,582
-0.256676710136111,0.118418246800919,583
-0.242795465074225,0.0970603409602019,584
-0.239046938368332,0.0898762723857707,585
-0.259359043612795,0.118221427112202,586
-0.262475511565539,0.127445709291534,587
-0.2539681435181,0.110794931194832,588
-0.250978505609013,0.113050259746576,589
-0.258735418802588,0.122297003118316,590
-0.250706646689602,0.107377693724383,591
-0.25513253961871,0.112119413482909,592
-0.248370340183113,0.106488455407804,593
-0.240772893551417,0.0938835718436933,594
-0.240742403904413,0.0913385555111607,595
-0.248080781352632,0.100553743512346,596
-0.251671718202085,0.108841338350155,597
-0.239468325483671,0.0902629739514237,598
-0.244281962371371,0.0874387407279508,599
-0.249444618080831,0.100741601629218,600
-0.250362678073113,0.104740756213362,601
-0.258476640500695,0.109332379384058,602
-0.250068385445512,0.100614834520274,603
-0.258166809282366,0.109184320389823,604
-0.248646893376498,0.0907948277868133,605
-0.249572793639025,0.093797191821345,606
-0.2468325310878,0.100938159621458,607
-0.246889670614981,0.100226518886938,608
-0.250081423972877,0.105629120592065,609
-0.241836390969186,0.0902056709392322,610
-0.252064073656021,0.0902474846104646,611
-0.254455143935283,0.102190417868683,612
-0.251123462188813,0.096401422098448,613
-0.251426715212602,0.101854236217927,614
-0.252072816509173,0.100005179257064,615
-0.255162652541931,0.105856002413763,616
-0.258547754996264,0.112986340389836,617
-0.251006591460641,0.103220527798411,618
-0.251080239655538,0.105984318466861,619
-0.254422045467355,0.111036848933111,620
-0.248670075650501,0.0974304188023407,621
-0.249515376517388,0.0990332734559017,622
-0.253470243085157,0.102366566898246,623
-0.24987926130591,0.0976073580228624,624
-0.251890657794469,0.102889750870615,625
-0.254660618169049,0.107394700601125,626
-0.252827781814868,0.10638764135312,627
-0.240587178544217,0.100259879047159,628
-0.253936024965128,0.111303680417553,629
-0.252953728443192,0.107723994416094,630
-0.255652085985633,0.110633892574605,631
-0.25330603316114,0.108357203922532,632
-0.24879105110856,0.0983199153866417,633
-0.24893709446383,0.0966940254080724,634
-0.250293193486163,0.105078748011273,635
-0.249962208029915,0.100724323939309,636
-0.249016400411502,0.10509712318928,637
-0.24560477815352,0.101303513894826,638
-0.245207556129273,0.1060284637001,639
-0.254377370531276,0.114486731756841,640
-0.251911764950454,0.113325281994942,641
-0.240898280036994,0.104321838472349,642
-0.246169724330887,0.105401507052159,643
-0.253363937817843,0.116649814035779,644
-0.249636913368894,0.108444195989737,645
-0.246251635542627,0.100444732931923,646
-0.245607441164774,0.0978488590675929,647
-0.249172033436318,0.10620754642185,648
-0.259425001454292,0.115717470857974,649
-0.248565714845958,0.107730753967916,650
-0.249727858196237,0.108745354583351,651
-0.218259928517015,0.0663542448493418,652
-0.217124652532624,0.07164937451922,653
-0.236486480965861,0.0932719464911234,654
-0.22934071894799,0.0925332640423158,655
-0.244486150401696,0.121202508035741,656
-0.24612940377505,0.126311330813429,657
-0.241281227515395,0.121479673798643,658
-0.247239910044821,0.129552005558954,659
-0.254074896112858,0.1353814860436,660
-0.23109305419685,0.0998605417209418,661
-0.222973802584046,0.0937678268115922,662
-0.239140375670404,0.115664321948326,663
-0.238277378581361,0.114497568619205,664
-0.232874858348173,0.106131630693394,665
-0.245302318644719,0.124876769285962,666
-0.251521743218065,0.12600584920753,667
-0.255285423699658,0.123547506693184,668
-0.246455002840925,0.115507057128969,669
-0.248292558211249,0.116735201552215,670
-0.259586963969758,0.135673660688748,671
-0.258565027212856,0.130171821403885,672
-0.249316546597003,0.122757432666681,673
-0.248947641761362,0.126398101999656,674
-0.240549083005505,0.114302857248203,675
-0.244388424707948,0.118557622842734,676
-0.244971054229172,0.122231783353365,677
-0.246230615048523,0.115445608298835,678
-0.243425823296933,0.114457244729826,679
-0.234650572068145,0.101635929024762,680
-0.24143242287636,0.117160364138774,681
-0.251658182072438,0.130265203757805,682
-0.239857163446906,0.110760493506963,683
-0.241023047670971,0.111938021093426,684
-0.242323528121619,0.108552555205093,685
-0.246259220127209,0.116688237396219,686
-0.245508307922937,0.118570285907709,687
-0.247082798671935,0.123182008716557,688
-0.248787414825303,0.114927562968246,689
-0.249889798728365,0.109726369572027,690
-0.246986479211403,0.111679644529646,691
-0.246365241200878,0.107775356146609,692
-0.235609992969079,0.09445427006534,693
-0.248972059125381,0.111550973370215,694
-0.258155064847609,0.114801708223467,695
-0.247183086897288,0.109913461636962,696
-0.244561095464753,0.103480816281043,697
-0.246929644451131,0.109735550763718,698
-0.248652074130952,0.114085353242924,699
-0.254854368833105,0.126460619050451,700
-0.257277244593655,0.129859125067046,701
-0.256354141530458,0.12272009700493,702
-0.247273023201156,0.110280191918658,703
-0.243263889850565,0.110935891746479,704
-0.23641715298575,0.102309182413816,705
-0.230919474540087,0.0968006811185619,706
-0.232864330605424,0.106893253763828,707
-0.229210079664958,0.103080712636533,708
-0.2359361286414,0.118996242025892,709
-0.239215651109187,0.128083713829319,710
-0.237306945458697,0.128104775745156,711
-0.229989101643299,0.116218558135255,712
-0.226987366488034,0.117556441005146,713
-0.229492727679662,0.118464442064787,714
-0.235327477129424,0.131769442983418,715
-0.238977359496577,0.123545595766027,716
-0.235203949588468,0.114398873257862,717
-0.235115839903746,0.117937987510828,718
-0.231074827823729,0.119990211854456,719
-0.228391398770702,0.115476216927905,720
-0.222356596306109,0.109645004158902,721
-0.221364464825959,0.106909598524273,722
-0.229229230205968,0.116471445963582,723
-0.234347942867773,0.126643975626448,724
-0.22823446317856,0.118719934574406,725
-0.233118191473618,0.123646854447965,726
-0.244819146026198,0.127376666047826,727
-0.235814884258586,0.125716871165344,728
-0.234054355337543,0.125215774871,729
-0.234840248671254,0.121241420127661,730
-0.231706013352627,0.120747103773651,731
-0.228667012839597,0.114553208533302,732
-0.234011930469725,0.113886041803647,733
-0.232015091882123,0.110951729474351,734
-0.229533693017513,0.114452909371107,735
-0.222762170879754,0.107274404098701,736
-0.211084320838821,0.0929887482134172,737
-0.188828583739057,0.0647564669598326,738
-0.224502036246622,0.105825452254121,739
-0.227177067913177,0.105815422812235,740
-0.229734140132712,0.116195965940282,741
-0.227030196321631,0.109447234121204,742
-0.225447893462878,0.109423495769998,743
-0.225634538482007,0.114514687951602,744
-0.224378406629929,0.11182861721119,745
-0.228367452197405,0.114742615813657,746
-0.224180005331808,0.110640938343538,747
-0.181894738722536,0.0585693614223807,748
-0.208237374425058,0.0897290297566856,749
-0.214260568738705,0.0991556779629333,750
-0.200678350659112,0.08421229483341,751
-0.223300610692141,0.1127149083085,752
-0.224644990793611,0.115228763004804,753
-0.23197505217801,0.125409016370571,754
-0.264841112258531,0.194264976548402,755
-0.248076894407547,0.148583570394534,756
-0.239877180453914,0.136921820360508,757
-0.234760542007878,0.123112777022469,758
-0.23340697279073,0.115452052223013,759
-0.23524703169172,0.125577532123901,760
-0.226388032475074,0.11214753219339,761
-0.232620458658592,0.123255330880572,762
-0.23589849032429,0.130542717268558,763
-0.24155180153947,0.11800094080773,764
-0.232335811608358,0.107319744941593,765
-0.236789430918034,0.122913404200901,766
-0.233844654375445,0.116758517169994,767
-0.235529691041495,0.121434574800876,768
-0.22877729100036,0.109740818315883,769
-0.233006929485288,0.112989033451268,770
-0.232164154795653,0.111233873136269,771
-0.229450210582918,0.105267114715179,772
-0.235650127704367,0.11802993035548,773
-0.238927276878235,0.127917702669286,774
-0.240783869150783,0.127312207986499,775
-0.232654759849023,0.109983946219607,776
-0.221026009674907,0.0985118126677781,777
-0.231758795255841,0.104992944088716,778
-0.234228548687665,0.10789397320861,779
-0.223238694381705,0.100206041827011,780
-0.230679268840176,0.105698946098752,781
-0.230213146132122,0.106102146529184,782
-0.234441970245229,0.1203075202275,783
-0.234933810425011,0.119859015246446,784
-0.235184258284634,0.11956766977508,785
-0.236618016380356,0.118808228145833,786
-0.237834492517132,0.123261436851345,787
-0.246340886032607,0.127449655631533,788
-0.236603617118642,0.121461181530596,789
-0.222919333262973,0.107141265003791,790
-0.226950486938044,0.10544702528881,791
-0.230114071737491,0.115209119366567,792
-0.227834824942069,0.109814491640513,793
-0.230282039551245,0.110809843253129,794
-0.226383145086929,0.105276712480704,795
-0.24074547160318,0.102383133076643,796
-0.211738551810607,0.0740806112697031,797
-0.2218186935841,0.0852530897325861,798
-0.212924192592969,0.0789402170336882,799
-0.18853871536666,0.0517213725108954,800
-0.215855187450036,0.0811091242039657,801
-0.220980453183481,0.0897818161997212,802
-0.214678655216927,0.0851734777602127,803
-0.218947528144353,0.0899371489432235,804
-0.21614005936992,0.0870035027045053,805
-0.223221130310831,0.0962990334317539,806
-0.226638975788179,0.103913351997173,807
-0.225616651651245,0.0942546322477073,808
-0.213207954531998,0.0818220464773931,809
-0.215878406602637,0.0874212188653923,810
-0.220103845342902,0.0946663010749241,811
-0.214008840538922,0.0871349250181021,812
-0.216786203714228,0.0863742163091773,813
-0.230079784051799,0.100252276571488,814
-0.22932043895125,0.103006760975679,815
-0.226660731398816,0.103314772599786,816
-0.221452208726186,0.0961240019301892,817
-0.217443488984593,0.0892094654395022,818
-0.226952361693947,0.0989621842871339,819
-0.214627595373306,0.078974996669812,820
-0.206991165833561,0.0743928205824774,821
-0.217124225397308,0.0838532627976169,822
-0.201824563387639,0.0680940895073023,823
-0.220539155876271,0.0888475844374317,824
-0.234205644783905,0.107082680088324,825
-0.232315872637759,0.104833845391197,826
-0.213157178588844,0.082191543625509,827
-0.223165817390917,0.0960839377954463,828
-0.220571485867179,0.0906018526575967,829
-0.220899314178654,0.0941900122512017,830
-0.213896036534398,0.0855567677809384,831
-0.222434937135708,0.0871613721094433,832
-0.231126713060631,0.108395412646517,833
-0.221946020962896,0.0923794718460947,834
-0.246875436396177,0.1316166197752,835
-0.234129612027442,0.114914356364111,836
-0.218193015639703,0.0844862375251352,837
-0.203919823280659,0.0710536160236755,838
-0.228666227422252,0.102028112659512,839
-0.227238793442524,0.0981095835884083,840
-0.227441786933562,0.0977900227747982,841
-0.219498761826194,0.082715408140683,842
-0.214310017809637,0.082305469159316,843
-0.226587101112923,0.0994410891443707,844
-0.215907536946099,0.0873984834567814,845
-0.216138995863482,0.0858474800928465,846
-0.208348543361532,0.0756921505353295,847
-0.20008915213025,0.0636794159073902,848
-0.179964612662155,0.0378282860903243,849
-0.194824753088204,0.0537870555528799,850
-0.205340255141309,0.0625854893426523,851
-0.227126203704898,0.0879090161433057,852
-0.224936017038476,0.0880284325107237,853
-0.221486141562546,0.0803155281522715,854
-0.224658756644633,0.0726294452918382,855
-0.230778943849978,0.0854548161900656,856
-0.216000834343592,0.0700697379594925,857
-0.223983444292429,0.0779167108948963,858
-0.238678440656315,0.0961479913095691,859
-0.214183032652034,0.0673322221130471,860
-0.219048436136474,0.0755656011029725,861
-0.217598552602334,0.075814863253983,862
-0.228909076022995,0.0766922672436127,863
-0.237472488222595,0.0807795888267956,864
-0.222891615815891,0.0804399062415375,865
-0.213756073172021,0.0718085204690343,866
-0.225119695335711,0.0830196418256404,867
-0.223401908008303,0.08427372988626,868
-0.228056095434526,0.0930733617485441,869
-0.223579937243211,0.0944815776102864,870
-0.220190979649031,0.0930299526445213,871
-0.218315546523565,0.0885694777203062,872
-0.207603354204405,0.0732125277582547,873
-0.21403929982531,0.0845494687301045,874
-0.2196011240871,0.0961956983855676,875
-0.229488805989129,0.109418566785333,876
-0.225863637338102,0.0963987603414374,877
-0.211173175237538,0.0764207903432269,878
-0.218653190876937,0.0862535951306625,879
-0.202996591152772,0.0658615823909573,880
-0.218293265367563,0.0884864431547704,881
-0.221790175749623,0.0852608073077908,882
-0.213193155162038,0.0794198032004692,883
-0.208940750596048,0.075149151149408,884
-0.208074006596349,0.0740507005800477,885
-0.220296183549907,0.090120176096844,886
-0.205673402551949,0.067416169456349,887
-0.210853013197308,0.0769396484199372,888
-0.217966809413923,0.0889880961029476,889
-0.217823878339669,0.0821346421981629,890
-0.21864692301518,0.0843444891297639,891
-0.211586750046805,0.0708377013821105,892
-0.21598059474961,0.0649158619983695,893
-0.215915224016034,0.074389830629573,894
-0.208681553993185,0.0692456431475258,895
-0.219714769053931,0.0704335570708625,896
-0.219825442643863,0.0799238731003419,897
-0.220491721018512,0.0869238892407274,898
-0.215978265558132,0.0842378319067861,899
-0.219991185892851,0.0938808934202712,900
-0.211951542197691,0.0844908789087687,901
-0.216917944507066,0.0986952775076492,902
-0.203183893017018,0.0832037800052893,903
-0.209332696678849,0.0924643316025528,904
-0.213243289712123,0.0910103849582664,905
-0.213593970553401,0.0969722245757007,906
-0.207666414379539,0.0895574838221066,907
-0.211537760589209,0.0849112390399471,908
-0.220897485476111,0.0928375645258832,909
-0.219577206260576,0.0827096674393823,910
-0.220283978723974,0.0820499120185303,911
-0.214127193574124,0.0873899455300421,912
-0.213310756630633,0.0991731089916502,913
-0.20803275564262,0.0912727787913052,914
-0.214529470207605,0.100627235801796,915
-0.212527584245616,0.0967916242096591,916
-0.196978251598142,0.071239687528063,917
-0.201174875778108,0.072208163212719,918
-0.194271776277976,0.0685512485716145,919
-0.198436764202221,0.0727672639289093,920
-0.209610756017121,0.0877543797502423,921
-0.217757668315063,0.102273586858228,922
-0.212378449948219,0.0972315778809972,923
-0.211261755143123,0.0894691257595444,924
-0.230213030543349,0.115051567468816,925
-0.216441088878973,0.0932468436274646,926
-0.205898120315881,0.0807983882935346,927
-0.196311469199839,0.0747143880185194,928
-0.197551349868392,0.0739993192140678,929
-0.174265485296942,0.0448375415176175,930
-0.204581673339167,0.0745652456438039,931
-0.200660316042974,0.0693420803782885,932
-0.204533781372901,0.0778679184959945,933
-0.202869129695637,0.0825303582491864,934
-0.197085601463174,0.0755381268660091,935
-0.199588859815333,0.0673986762150974,936
-0.209991311153268,0.0753395114918606,937
-0.211756008099435,0.0825148237975513,938
-0.227692942458226,0.0745279529305942,939
-0.22643515066747,0.0673910475933123,940
-0.232369945312116,0.0839401285672218,941
-0.227408187900554,0.0821191561861917,942
-0.224592016945793,0.0939668720929995,943
-0.236044571104934,0.0684470411455675,944
-0.242913486442786,0.0630260555994075,945
-0.248715688087376,0.0697233021256765,946
-0.253335069246041,0.079965026838093,947
-0.251473049801737,0.0751345174414564,948
-0.246575208245303,0.0684099981254242,949
-0.257079172418257,0.0749091494814345,950
-0.252618375450261,0.0804763665286872,951
-0.240001519174374,0.06465054050627,952
-0.240870991287414,0.0646075517868728,953
-0.239136276425279,0.0591883290974454,954
-0.246420473093274,0.0771169036380426,955
-0.240269046820845,0.0669706701206345,956
-0.224950447221527,0.0474866972301372,957
-0.226832059524923,0.0537830572026653,958
-0.217013708028729,0.0373382950873143,959
-0.240119644428782,0.068239460729464,960
-0.24350495069101,0.0731140923701753,961
-0.236021367091641,0.0651503070489446,962
-0.233079467029749,0.0555539367142194,963
-0.241848202775769,0.0531599396933889,964
-0.240899272055792,0.0629422998236391,965
-0.230496707282762,0.0523467326275139,966
-0.232026958964458,0.0537977992113083,967
-0.240213708595168,0.0692312100371353,968
-0.239057050639926,0.069465714656094,969
-0.242550853208672,0.0693088414535161,970
-0.22077536057547,0.0440742082817477,971
-0.230369551113817,0.0562863037648533,972
-0.226287547237603,0.0533884703661987,973
-0.239218772139773,0.0692801808844963,974
-0.243884916503585,0.0718051452700054,975
-0.229827818070182,0.0479653550408435,976
-0.235271356959358,0.0559916912564908,977
-0.240296429928734,0.0665609924890883,978
-0.236533449867262,0.0622053774132416,979
-0.246646031799699,0.0752801923255894,980
-0.249802830061123,0.0775826700400223,981
-0.248082468357763,0.0744988438017888,982
-0.247652764475737,0.071221689278833,983
-0.254782854795498,0.0993323221715032,984
-0.249905638301661,0.0876461283025421,985
-0.241408611396975,0.069733726634193,986
-0.243614450212965,0.0754981462855752,987
-0.256435049655841,0.0945900992015215,988
-0.25907746655447,0.0824434195704068,989
-0.235552346353164,0.0518040689911898,990
-0.235424104149292,0.065147772156337,991
-0.21040347021613,0.0569572240411876,992
-0.221864500841056,0.0745608714172475,993
-0.200484121350901,0.0498041758153799,994
-0.203420756605518,0.0515231408998793,995
-0.197744190593227,0.0485909902687527,996
-0.215140677434194,0.0738053003380058,997
-0.213448102596519,0.0695399571474868,998
-0.199682721127348,0.0572754115523573,999
-0.218897400445497,0.0799279079924499,1000
-0.219842051400572,0.0790707083111486,1001
-0.213908445260127,0.0741651794373051,1002
-0.220464179665458,0.0817794929189847,1003
-0.215150238861372,0.0682818654772997,1004
-0.216561910926039,0.0749601732015973,1005
-0.202665533457811,0.0485565305297089,1006
-0.213750855884738,0.0624066423909873,1007
-0.219380999444219,0.0635521637830173,1008
-0.218239604766722,0.0670451193372628,1009
-0.22141511175159,0.0751366465529498,1010
-0.223085955042189,0.0783213190140812,1011
-0.218142144778748,0.0758976144231037,1012
-0.226524459925212,0.0882008449188444,1013
-0.221169717648226,0.0843652172301531,1014
-0.225614975536762,0.092609871713735,1015
-0.193315981618258,0.0538848847947489,1016
-0.203118446422245,0.0608461918244429,1017
-0.211210006324096,0.0693725233933326,1018
-0.231804918041099,0.0958005580105246,1019
-0.241657851617883,0.108532327066389,1020
-0.230575738574655,0.0889726984216278,1021
-0.230722192870475,0.0899169996486187,1022
-0.234143430105096,0.0923169156939639,1023
-0.233697341489809,0.0929690535071429,1024
-0.20985018738033,0.062133630874302,1025
-0.211387945627552,0.0545608741888673,1026
-0.214303502075117,0.0604072900614157,1027
-0.222655771600905,0.0782259619187714,1028
-0.213735301869427,0.0734354606483498,1029
-0.207975214876058,0.0715830274054491,1030
-0.211721229836945,0.0747685558523875,1031
-0.22322691613818,0.0921113632224411,1032
-0.222352846001816,0.0868886937435791,1033
-0.228664559100709,0.0959084367057265,1034
-0.218840391575358,0.0875273954623083,1035
-0.20690505720786,0.0691071262534088,1036
-0.227297184644443,0.0911139925151874,1037
-0.220329825271806,0.0829445122109722,1038
-0.223712836942224,0.0864483091080829,1039
-0.225404352994349,0.0894875586523259,1040
-0.227669722963763,0.0873106231916222,1041
-0.22852585632577,0.0838618640982455,1042
-0.219080309847513,0.062190241789148,1043
-0.21927761086947,0.0594649958323672,1044
-0.228871084504287,0.0750242383438853,1045
-0.226354674341271,0.0707024199237152,1046
-0.220754100145707,0.0719044814281777,1047
-0.219080870850124,0.0761170325207035,1048
-0.213886344082739,0.0695907788652229,1049
-0.212767306259513,0.0660987151516348,1050
-0.237600555035147,0.0992716596106161,1051
-0.242674039385999,0.106454381541826,1052
-0.231235995021637,0.0893739051084323,1053
-0.225471248840711,0.0772069753459189,1054
-0.230722328482754,0.0831174395876326,1055
-0.235262517287115,0.0903176725417261,1056
-0.233374014263406,0.0885698703082958,1057
-0.220966867943349,0.0777287488187055,1058
-0.233364367991336,0.09027939083955,1059
-0.226650280299036,0.0735492398084386,1060
-0.226226521324544,0.0650072918358397,1061
-0.224808628138606,0.0672878071420188,1062
-0.223283153979071,0.0659317770479941,1063
-0.230622452540072,0.0802318780823593,1064
-0.233918979468902,0.0861512036473538,1065
-0.244980761377792,0.111364535702015,1066
-0.23902109648603,0.10205583421175,1067
-0.233601408881697,0.102116284193927,1068
-0.238317966647047,0.109903077239145,1069
-0.230121000725503,0.0969148507058685,1070
-0.238136618412587,0.103742036369065,1071
-0.241086650925476,0.0922229349345985,1072
-0.197471216857574,0.0429599199473942,1073
-0.220535345712969,0.0619055832331196,1074
-0.222917299330731,0.0808731052684374,1075
-0.226201575124623,0.0879333501708987,1076
-0.221451615949309,0.0857102223140376,1077
-0.22759415656622,0.0905680344729576,1078
-0.243381000483967,0.106922520365712,1079
-0.199662268416583,0.0543891435207576,1080
-0.203002560729821,0.06231768229317,1081
-0.215263593604492,0.0622304986477227,1082
-0.255554353890579,0.110856568278645,1083
-0.252290578799594,0.103491633072007,1084
-0.245903672774295,0.111692129837955,1085
-0.233450651000754,0.0955407040051756,1086
-0.236573024651503,0.104546448980573,1087
-0.238162124857848,0.103691256384706,1088
-0.248118473781875,0.115468448004527,1089
-0.238359834082274,0.099000403244844,1090
-0.234344139782728,0.0961771712799931,1091
-0.229449941504916,0.0913349373465579,1092
-0.210762105466339,0.0612000377850279,1093
-0.220573961945791,0.0760276780155011,1094
-0.238748313914624,0.102678701286079,1095
-0.238161944820354,0.102121436140956,1096
-0.235959438203431,0.0975333266984734,1097
-0.224018932919136,0.0811697891372116,1098
-0.229586336474829,0.0854605990018066,1099
-0.23345381270084,0.095213991146376,1100
-0.224418882625414,0.083360622309929,1101
-0.237992906551623,0.102318206095482,1102
-0.24551115018009,0.110962860700258,1103
-0.226992109235024,0.0893582813932195,1104
-0.225404709269827,0.0829097429586266,1105
-0.212324970271252,0.0655948436697542,1106
-0.222308831906776,0.0792218567269215,1107
-0.232340439341227,0.0882014088620243,1108
-0.244768943973357,0.103665536313077,1109
-0.2410559341616,0.102101945363694,1110
-0.232575031156434,0.0822395142647006,1111
-0.235769196516355,0.0866780402664316,1112
-0.23156841900147,0.0869753099538126,1113
-0.226563057291097,0.0753309610568263,1114
-0.24513700686846,0.101609758254004,1115
-0.245746404410957,0.0916981005427816,1116
-0.230801863056913,0.081008467519283,1117
-0.237375153398871,0.0901038825243894,1118
-0.24518132150545,0.101525311885685,1119
-0.235900938170835,0.0854795285175579,1120
-0.244361607489765,0.0993682551136712,1121
-0.240150634312832,0.0943605320496316,1122
-0.114273990151887,-0.043671320582478,1123
-0.209063176246428,0.0476255185447377,1124
-0.217352582426867,0.0644443170305218,1125
-0.226433097168645,0.0788968781534132,1126
-0.23776036370473,0.0916313911594343,1127
-0.230090269077561,0.0792359431786042,1128
-0.245474990016408,0.088794309411339,1129
-0.247381569653291,0.0845747885838438,1130
-0.248543016342035,0.0906525273206702,1131
-0.252495120295314,0.0968397783229512,1132
-0.250890642690654,0.0971188753704191,1133
-0.246457740377373,0.0945045617689932,1134
-0.250679865625174,0.0978420079574419,1135
-0.234579278445612,0.0656068356165029,1136
-0.233646216075363,0.0665048763599151,1137
-0.245215247294651,0.0871688323513934,1138
-0.253002783352745,0.0890439112804289,1139
-0.248318996788698,0.0889943732458113,1140
-0.247535122329503,0.0906818721418801,1141
-0.244705394773367,0.0903118506319991,1142
-0.240433551984654,0.0830509559741802,1143
-0.241518701717297,0.0813825165035391,1144
-0.249498964428933,0.0943585720397934,1145
-0.246323549299225,0.0879125326179829,1146
-0.246350467792244,0.0882697327261476,1147
-0.237111107632733,0.0809951773313904,1148
-0.243325435819762,0.0865280660027238,1149
-0.249609654004201,0.0959542903381564,1150
-0.259051682771909,0.106128666498861,1151
-0.25391377535967,0.100199680670607,1152
-0.249115528558881,0.0888532756727599,1153
-0.240984668542978,0.0751321938904144,1154
-0.243041116581019,0.0846112831294779,1155
-0.241881532721694,0.0865003480970314,1156
0.0172492929210535,0.0092292236328024,1157
-0.0848323565138344,-0.0607968141759986,1158
-0.161100290346205,-0.00350550033464736,1159
-0.20342748043263,0.0390854974795646,1160
-0.149780859828469,-0.0208693333642175,1161
-0.18431318025198,0.0201638011741856,1162
-0.211163438094325,0.0550732391105591,1163
-0.224539166976813,0.0711068756810251,1164
-0.230557096910816,0.0838496924038736,1165
-0.216559501838415,0.0620348926722897,1166
-0.24006987391066,0.094555821059442,1167
-0.14998730864962,-0.012669087901647,1168
-0.196107212181078,0.0381239087190692,1169
-0.223184707132057,0.0635171530859432,1170
-0.229085501762921,0.0738520677397332,1171
-0.248497518007373,0.095225012979063,1172
-0.245464279491836,0.0904073043748772,1173
-0.245045071212235,0.0896900058460734,1174
-0.235115604099539,0.0769972070773975,1175
-0.220558842272037,0.0612229562926015,1176
-0.211859480655978,0.0505106955833855,1177
-0.211323750259884,0.0553316262734329,1178
-0.227846655261913,0.078184899712861,1179
-0.248175772795913,0.105993241342622,1180
-0.251553666033234,0.104475724074238,1181
-0.241077999504614,0.0874630374386873,1182
-0.235813925891347,0.0812131067542457,1183
-0.241959898151252,0.090940631880947,1184
-0.231417041361363,0.0743625149228288,1185
-0.228199497985814,0.0700880386345224,1186
-0.233439299546845,0.0832804873628422,1187
-0.230767505176504,0.0809197957083515,1188
-0.220205881125939,0.0663689683322389,1189
-0.232171299767306,0.0784215658067184,1190
-0.220938870739744,0.0681625160510238,1191
-0.230821455482329,0.0841169078947177,1192
-0.225343149613196,0.0749833777557504,1193
-0.228120839058348,0.0731723317774086,1194
-0.232299768366535,0.0602316413758071,1195
-0.244058626374901,0.0751835549813225,1196
-0.242389758483203,0.0734537567674651,1197
-0.243677639523817,0.052874111016523,1198
-0.239461246822651,0.051050578883009,1199
-0.232474475363975,0.0397039998123787,1200
-0.24540888247227,0.060399897856753,1201
-0.250492513855409,0.0686928981307628,1202
-0.245428883251425,0.0653126448064734,1203
-0.241877926663394,0.0577831100166216,1204
-0.170702389107857,-0.0293289007319374,1205
-0.190433705962578,-0.00611355961398543,1206
-0.205924789845155,0.0140543755627272,1207
-0.220359078081967,0.0303339179104935,1208
-0.231639325425389,0.0436405192924529,1209
-0.215480603035712,0.0213261859428652,1210
-0.241554826846088,0.0549285214390533,1211
-0.255407315032537,0.0753371064438735,1212
-0.241632352363263,0.06190214384519,1213
-0.239172614505942,0.0577674757449746,1214
-0.23142390554724,0.0461656067709601,1215
-0.212173154684914,0.0185802086272403,1216
-0.18869842643571,-0.0117412679445031,1217
-0.215740421539621,0.0174771020867912,1218
-0.216246966278789,0.0201641961053074,1219
-0.223086204642908,0.0265044082110934,1220
-0.219552926324861,0.0222574035554473,1221
-0.229890043587147,0.0419103364690987,1222
-0.222916841741874,0.0352692323079496,1223
-0.232200659832303,0.0492148697991519,1224
-0.244088258498512,0.0562545839224659,1225
-0.256858878262181,0.0801477938839389,1226
-0.252406141823762,0.075756259810462,1227
-0.246328426459408,0.0712620032429529,1228
-0.235021812732247,0.0476013090739784,1229
-0.230258828454078,0.033049555341557,1230
-0.226603208892893,0.0301552099311449,1231
-0.235413059459708,0.0566985712988972,1232
-0.232666098357844,0.0558703305364531,1233
-0.224943901080945,0.0486611143257789,1234
-0.218939355110417,0.0513306399769288,1235
-0.185178313829539,0.0168258390309308,1236
-0.180048641442096,0.00304428495093665,1237
-0.20776299214742,0.0395227743984698,1238
-0.2200416936867,0.0590098308148835,1239
-0.21917040242009,0.0581309312015164,1240
-0.219735090618513,0.0603837867790332,1241
-0.211749348672375,0.0519661950339192,1242
-0.191706945967389,0.0242959865654942,1243
-0.200910540808345,0.0378407935790415,1244
-0.23449910212531,0.0734822717204731,1245
-0.216162038130523,0.0508265263028581,1246
-0.210311942885019,0.0435823170630772,1247
-0.220891321306673,0.0561363091691406,1248
-0.219851265507222,0.0590526302273914,1249
-0.221087332421903,0.0642936296821443,1250
-0.209548329566152,0.0509593652518697,1251
-0.213573480956284,0.0566806078761119,1252
-0.228463184871103,0.0716456514972286,1253
-0.232529660646724,0.0679492142709048,1254
-0.237929522562624,0.0738506129240091,1255
-0.228610090397361,0.0670820443033576,1256
-0.224835921654958,0.0630525730039592,1257
-0.222589975269424,0.065886958932453,1258
-0.218346174114509,0.0582716570071265,1259
-0.216333875138006,0.0572237086178975,1260
-0.216647812647206,0.0532689059793352,1261
-0.208534283743302,0.0453980135109389,1262
-0.215612660575455,0.052868058391598,1263
-0.218949486519243,0.0608272284064649,1264
-0.217924730378223,0.0542496983286051,1265
-0.218334923456482,0.0493994840891322,1266
-0.245208271668693,0.0808662727620388,1267
-0.232359424665634,0.0630346093576054,1268
-0.2237252515162,0.0581634226391301,1269
-0.197513149502826,0.0281400904961228,1270
-0.194000305545724,0.0279630046026027,1271
-0.204593106121863,0.0375063099106188,1272
-0.213864747590006,0.0464156799858053,1273
-0.21154457552179,0.0501135024347282,1274
-0.2212278077286,0.0583133912744368,1275
-0.222010223258456,0.0573459039750793,1276
-0.228868014268658,0.0672323110639266,1277
-0.229018785247958,0.0742479058865181,1278
-0.223345413191445,0.0643493531098923,1279
-0.224444298689724,0.0632935151236837,1280
-0.208460986179431,0.0344218603744108,1281
-0.22120540277263,0.0514337762619631,1282
-0.225879671123517,0.0541193132840823,1283
-0.214500500051908,0.0440927759058652,1284
-0.213252836671945,0.0457963049786352,1285
-0.225257806606045,0.0680380472339683,1286
-0.226289432073563,0.0560878399740137,1287
-0.225615413876968,0.0685745291836909,1288
-0.214431444584042,0.0518256258717268,1289
-0.221765950525737,0.0652006675144222,1290
-0.218995095407413,0.0601597042922722,1291
-0.22016494626273,0.0616713808470846,1292
-0.212630866002617,0.0505071613871066,1293
-0.220816129559572,0.0601154224438271,1294
-0.21655786249446,0.0511864946732731,1295
-0.211810223707433,0.0463127537303875,1296
-0.21280802158681,0.0464563874146028,1297
-0.213567329148215,0.0398985177809542,1298
-0.2168420541342,0.0497367482859165,1299
-0.224947368821183,0.0338999492668684,1300
-0.238440918494585,0.0556976980326781,1301
-0.225818823470001,0.0586414170966899,1302
-0.222647485037621,0.0662269348722155,1303
-0.212886700647052,0.0534381850478187,1304
-0.199108980037728,0.0317872925558403,1305
-0.211587518793231,0.0493377719906665,1306
-0.1830562582046,0.0109667993800764,1307
-0.19866527867292,0.0319375728779066,1308
-0.20859845051495,0.0433645612730801,1309
-0.219626178299946,0.0515968116035165,1310
-0.212638110339203,0.0491400117090791,1311
-0.229530393784049,0.0678474836250707,1312
-0.218378945704244,0.0559458360942996,1313
-0.211618779778104,0.0518872340337021,1314
-0.214871759034633,0.0567958633137642,1315
-0.223234722301307,0.0693930589261241,1316
-0.2238559354614,0.0742356702196572,1317
-0.215869218755146,0.0645251865181127,1318
-0.212218184608218,0.0568445731057771,1319
-0.216194120480715,0.054518601289895,1320
-0.216979723573437,0.0602418829856938,1321
-0.222884374022944,0.0719872515600196,1322
-0.222410423733257,0.0707097548879314,1323
-0.23032168916494,0.0776379310484281,1324
-0.21374824174521,0.0548087343187088,1325
-0.218225756794583,0.0615178597076157,1326
-0.215722348288101,0.0586619477686635,1327
-0.221940262778854,0.0715152504743248,1328
-0.215567374913311,0.067272952589376,1329
-0.204211553047881,0.0532785473245536,1330
-0.203662074878022,0.0515471553125092,1331
-0.221181531011005,0.074285084673041,1332
-0.220917890646459,0.0753395687236426,1333
-0.212492816645145,0.0584101293037442,1334
-0.204060161788476,0.0530875909473566,1335
-0.204345665822952,0.055786130063233,1336
-0.208339100013767,0.0538581513103014,1337
-0.2043325506903,0.0509636205570834,1338
-0.218259069422393,0.0560472447254758,1339
-0.219462314611687,0.0591204407254251,1340
-0.253197366444208,0.113957519549134,1341
-0.239372153717604,0.0860914546554063,1342
-0.234309879868616,0.0820180681181498,1343
-0.232301815608018,0.0853075614234584,1344
-0.233352825288309,0.0864454593530436,1345
-0.223964105761797,0.0741852870105003,1346
-0.220130104000939,0.072712909756457,1347
-0.214966879275833,0.0615139846945388,1348
-0.192782387241841,0.0317351945191947,1349
-0.210738124045057,0.0569486065683379,1350
-0.211406548894184,0.0546647061904941,1351
-0.206544681591204,0.0471786652659594,1352
-0.218483903606728,0.054343722497336,1353
-0.220145219987642,0.0709340054154882,1354
-0.209029977348266,0.0596811298193273,1355
-0.218418286496793,0.07262882708667,1356
-0.213447977217892,0.0644360895050155,1357
-0.211961155754361,0.0661413832469416,1358
-0.222420272639601,0.0779339640981568,1359
-0.220385753960532,0.0746501960951263,1360
-0.220433351511672,0.073561110081267,1361
-0.216095396103884,0.0684335637639132,1362
-0.215944808684862,0.0670648311718311,1363
-0.211773729099583,0.0613237940653348,1364
-0.194837429970241,0.0421802665912603,1365
-0.211811021266098,0.0638988853356985,1366
-0.211295660613376,0.0632545837986036,1367
-0.19737996577901,0.0447274102519933,1368
-0.241442989751507,0.107481655926926,1369
-0.213700253167755,0.065060495590857,1370
-0.218723142247848,0.074239114553685,1371
-0.214662234716713,0.0634611656857035,1372
-0.211908930773197,0.0626112783418194,1373
-0.192410400059919,0.0440839697375521,1374
-0.205760165079045,0.0655008823140779,1375
-0.194193554287393,0.0602356844235692,1376
-0.178588476115743,0.0420675819076502,1377
-0.112300104029058,-0.0264287034179759,1378
-0.116365352836065,-0.0225088450503062,1379
-0.0697584265092975,-0.061691461101276,1380
-0.13760605433488,-0.00535484064303558,1381
-0.155590957138876,0.0117885695456929,1382
-0.143229611877741,2.48691197297354e-05,1383
-0.108346017631204,-0.0381673215742359,1384
-0.108306562943933,-0.038259745959089,1385
-0.119660192313156,-0.0263915093373459,1386
-0.154786645624464,0.0156815250623108,1387
-0.138215952602336,-0.00611482769129827,1388
-0.110056561572916,-0.0369551186790951,1389
-0.155739267529296,0.0103580279438557,1390
-0.164790623421395,0.0236244525018569,1391
-0.149700271931842,0.00798629438418136,1392
-0.153547757260223,0.00438284130805108,1393
-0.145981337415998,-0.000918437964386448,1394
-0.122457180436689,-0.0298705891958488,1395
-0.14904802557375,0.000363436479134441,1396
-0.161529283503538,0.0196487596842617,1397
-0.151800218877559,0.00838788840827852,1398
-0.155844482686923,0.0124520059096261,1399
-0.162995790579474,0.0225242915795477,1400
-0.162822831920714,0.0325362787760313,1401
-0.103845690391265,-0.0281467408690501,1402
-0.131184250159671,-2.58105199292751e-05,1403
-0.135718943774925,-0.000356098649839245,1404
-0.122204673981321,-0.0107651968301453,1405
-0.10226611957189,-0.0314603359069442,1406
-0.124692527558429,-0.00979341742733202,1407
-0.102889714108034,-0.0322335959585261,1408
-0.108441409085952,-0.0289436731406673,1409
-0.0728264839539835,-0.0546323684908949,1410
-0.104351222266096,-0.0316091234752572,1411
-0.047685529718925,-0.0637287750911785,1412
-0.0939939046551098,-0.0387074850974645,1413
-0.0995211690310938,-0.0348079358600679,1414
-0.145754089676965,0.0174826057500916,1415
-0.156474256067166,0.0264988098888774,1416
-0.172835680228052,0.0403831855002388,1417
-0.130286368116037,0.00109420084209124,1418
-0.123333022609555,-0.00906903487126911,1419
-0.124057248429305,-0.0128158233465288,1420
-0.118738776170813,-0.0147976637698822,1421
-0.12536536158273,-0.00661662635215642,1422
-0.133144585171779,0.00424342638192765,1423
-0.138694235622648,0.0130661139947911,1424
-0.140342277049371,0.0162745626611718,1425
-0.104282007765007,-0.0175277964082093,1426
-0.115178993377355,-0.00928977652537934,1427
-0.149783289864571,0.0206711035901461,1428
-0.136671732745931,0.0139763567506966,1429
-0.131986061822674,0.00984862201296991,1430
-0.129999981078619,0.00865638868792184,1431
-0.135410183962351,0.0172686412286368,1432
-0.133281488298947,0.0111160946215348,1433
-0.129281121250928,0.00540808996252396,1434
-0.138808163174353,0.0175826719077772,1435
-0.133336026550005,0.0105593137725039,1436
-0.17099269862638,0.0505162610226142,1437
-0.153059359473249,0.0325581629451434,1438
-0.144140321767638,0.0204682851872336,1439
-0.121443300231805,-0.00373986947406188,1440
-0.068199767719172,-0.0507882858232669,1441
-0.0613838660359233,-0.0562679812309125,1442
-0.0925789807945672,-0.0314855870578576,1443
-0.125809258863888,0.00676960780077979,1444
-0.130636625898906,0.0104629251051178,1445
-0.124610169096263,0.00254518898470329,1446
-0.124914734509282,0.00210487602756103,1447
-0.141388221714458,0.0203077465230158,1448
-0.127226063101974,0.00331050908759581,1449
-0.132624232727973,0.0120190833580184,1450
-0.119786878603412,0.000812380778404478,1451
-0.149131410192882,0.0271172679928935,1452
-0.149416263959703,0.016828716514066,1453
-0.133455467394146,0.00920333048943893,1454
-0.124446429472758,0.00245374464552308,1455
-0.124776255247922,0.00341427336721643,1456
-0.136515049789781,0.0126653290443613,1457
-0.155019752903673,0.035809469902795,1458
-0.151761835920938,0.0276026694866348,1459
-0.152262753782612,0.0317378975163831,1460
-0.10839277804995,-0.0145966204701228,1461
-0.132734805154616,0.00884670047731154,1462
-0.141759670032814,0.0224194654040059,1463
-0.165690721292927,0.0304476911039582,1464
-0.167673577099849,0.0352917658927394,1465
-0.145333980555218,0.0172521042787513,1466
-0.133403898197826,0.00931446490572736,1467
-0.172667056860513,0.0142040948340924,1468
-0.170032787490359,0.021409330623144,1469
-0.15843518013713,0.0328080524174206,1470
-0.164997495137042,0.0408818956719978,1471
-0.156146954546994,0.0318290789965028,1472
-0.143787077662607,0.0215951215579837,1473
-0.151091274419243,0.0344611144451843,1474
-0.132591037109859,0.0143669144235535,1475
-0.132454181407912,0.0105167849264515,1476
-0.10230510392478,-0.0207823561134175,1477
-0.134738964147649,0.0155307590365307,1478
-0.15864831622208,0.0428211018415438,1479
-0.136028852314562,0.015970864088933,1480
-0.135512937302795,0.00859636199476428,1481
-0.133216668740714,0.00739829310024981,1482
-0.143149068013444,0.0225998338864077,1483
-0.133577279472685,0.0111730809923014,1484
-0.157862581242883,0.0359976313226797,1485
-0.14858105833824,0.0298829185021155,1486
-0.152893498372775,0.035639329684328,1487
-0.164624974629371,0.0482802885240662,1488
-0.160208186720539,0.0390259612798186,1489
-0.145091463892467,0.0247324112607146,1490
-0.137308249084326,0.0188088034194934,1491
-0.136705837835313,0.0228480466227766,1492
-0.137391318122757,0.02484362968119,1493
-0.126384977133859,0.0163383902261461,1494
-0.129064391939226,0.0199221193028252,1495
-0.18190504502955,0.0728030970746751,1496
-0.161318350561112,0.0567875263442374,1497
-0.160015800005174,0.0588441393829014,1498
-0.14816639362644,0.0460152841813513,1499
-0.142053671740013,0.0340179336118564,1500
-0.140440792442824,0.0389865978672848,1501
-0.142528716776309,0.039279250758723,1502
-0.130324348471083,0.0268003523701184,1503
-0.131378844055015,0.029305149774584,1504
-0.158088881722763,0.0551865773637272,1505
-0.143502947066951,0.044261271302302,1506
-0.149767584000107,0.0480382173361773,1507
-0.123244320255213,0.0219887668251271,1508
-0.121371154351424,0.0212362269589007,1509
-0.129058463411055,0.0299862174585529,1510
-0.134008715283904,0.035040063469268,1511
-0.146828311027882,0.0509385388620361,1512
-0.149929024676646,0.0487389996563148,1513
-0.142169870692973,0.0469079798818857,1514
-0.146476895180909,0.0501058507799483,1515
-0.151988774420075,0.0542807676395924,1516
-0.0415049410346155,-0.0449055123825267,1517
-0.164287211333664,0.0765698506757258,1518
-0.152519950247521,0.0627549610549686,1519
-0.132680671725315,0.0416124442360628,1520
-0.125416180860349,0.0291340977827038,1521
-0.116406635507237,0.0332154881916907,1522
-0.135185332217419,0.0496325291413862,1523
-0.136204225102724,0.0490544455177567,1524
-0.128647755203313,0.0398856357199002,1525
-0.132766588132057,0.0479479017010671,1526
-0.115408600703363,0.0259760757858591,1527
-0.128794600880949,0.042921898102768,1528
-0.125077555825987,0.035521478411403,1529
-0.139038353507628,0.0510496207800843,1530
-0.126462460862202,0.04210668538086,1531
-0.13590427326732,0.0498941428869198,1532
-0.135987660763779,0.0495224057855722,1533
-0.108296746813169,0.0232574932773761,1534
-0.137609515585331,0.0526570883187243,1535
-0.136068639254143,0.0524226486153839,1536
-0.164553691502062,0.0839775068916023,1537
-0.15857481198667,0.0762364922168274,1538
-0.135821539821564,0.042666401852946,1539
-0.0978234010968523,0.00487342718653212,1540
-0.11856101124788,0.0235484554827497,1541
-0.126668646045595,0.0394283713221489,1542
-0.0190887027595045,-0.0585022976204421,1543
-0.0683373523500063,-0.0246510748424107,1544
-0.0985148190771556,0.00901460961610249,1545
-0.0883884879177586,0.00287501247579708,1546
-0.089061677181602,0.00651690097153925,1547
-0.104657040968852,0.0207711732961852,1548
-0.0984831844777809,0.0113197738226329,1549
-0.107547224140894,0.0225590626403637,1550
-0.0883489509784658,0.00412140332973925,1551
-0.107345204978815,0.0167885073293105,1552
-0.132669833871643,0.0372113846502159,1553
-0.138965665897699,0.0411331928702721,1554
-0.125023620286762,0.0264166985349277,1555
-0.127775123381931,0.0331211576567702,1556
-0.117290912216379,0.0283914481304269,1557
-0.122396884641373,0.0364961418109374,1558
-0.109364967686488,0.0231386967383003,1559
-0.124986012346197,0.0242947618449182,1560
-0.13995148238035,0.0366036651131705,1561
-0.159401706483482,0.0615896414909613,1562
-0.146721027316227,0.0513298482351087,1563
-0.128824134385689,0.0315503162937337,1564
-0.132984355370904,0.0341020073150711,1565
-0.11775609511018,0.0193749098721711,1566
-0.118037352348516,0.0209062318148677,1567
-0.116714164072756,0.0247535943194239,1568
-0.148734620486227,0.0624897532504437,1569
-0.112231920125444,0.0207012146133825,1570
-0.0981330425640475,0.0114406822742955,1571
-0.0967012624676746,0.00819227070260654,1572
-0.114601614658251,0.0295057519940423,1573
-0.102521466073478,0.0151599657210297,1574
-0.108003462831643,0.0274217944820246,1575
-0.0986233688407352,0.0210809471292221,1576
-0.110143533158118,0.03025870569533,1577
-0.147575193474199,0.0668921473697367,1578
-0.101305615566759,0.0179502263931843,1579
-0.0892072200282609,0.00750265285408019,1580
-0.0923780906122354,0.0106706549192823,1581
-0.0998052528113301,0.0122133073172266,1582
-0.105449326885058,0.0212798239581198,1583
-0.113493879801293,0.0278446325607199,1584
0.208307590766635,0.0229396153109572,1585
0.359886222767302,0.0489547328886104,1586
0.38798592273862,0.0578702584314052,1587
0.394865764397027,0.0557826596091903,1588
0.399447919209594,0.0505676720391918,1589
0.408284327143259,0.0446687592143482,1590
0.411383317035784,0.0471860330467018,1591
0.412497458626747,0.0473416595190323,1592
0.409196505042206,0.0505375104364786,1593
0.415334244787806,0.0463654795714231,1594
0.416771543593618,0.0435953513497608,1595
0.424147766844169,0.0390432309904192,1596
0.44210999852534,0.0244553554794187,1597
0.438834788450177,0.0218410940625205,1598
0.440577034090801,0.021755845841778,1599
0.443048769693827,0.0190674687787668,1600
0.443023963241406,0.0202255299017943,1601
0.438149581306502,0.0269562596808784,1602
0.436586401876557,0.0277290170191566,1603
0.438107653264799,0.0237531880462715,1604
0.441401602012276,0.0198562349031409,1605
0.437117026995454,0.0281535908987214,1606
0.441174201821653,0.0247022989894358,1607
0.442929694657323,0.0280133273286459,1608
0.443462527329998,0.0295190669569546,1609
0.445901094637055,0.0273102999327139,1610
0.44543346564328,0.025456701115798,1611
0.441965160019014,0.0224301179306368,1612
0.440871337156387,0.025963019478088,1613
0.444346685955896,0.0230771372058049,1614
0.447540092798525,0.0140847432063552,1615
0.447947075729819,0.0204098954632153,1616
0.448866444969962,0.0256433870866864,1617
0.441527135511249,0.032559682008479,1618
0.436436556736276,0.0302270731310765,1619
0.433134384556718,0.0335274578277064,1620
0.437314637048749,0.0263045252768588,1621
0.436798276155162,0.0241759493589952,1622
0.437696114400978,0.0235021804125699,1623
0.43870761714901,0.0298732626567195,1624
0.440945185129324,0.0272394709031536,1625
0.441495249070379,0.0213179223330837,1626
0.446048590092841,0.0272867250369646,1627
0.445060356243888,0.0237055982088619,1628
0.45097911899459,0.0113116614608656,1629
0.448556890279119,0.00810261622959859,1630
0.44704816214371,0.00922158022172852,1631
0.45022406412674,0.00543952141212699,1632
0.452213993893752,0.0122808087408833,1633
0.450094060582353,0.0131813087944108,1634
0.44692893675356,0.0209566273356219,1635
0.442055192747361,0.0290751473416514,1636
0.440805506773252,0.0289352668620932,1637
0.44289119456479,0.0310892954247692,1638
0.444679147562958,0.0271246482276036,1639
0.449845242017433,0.0277418232207507,1640
0.455210946175554,0.0342553279892315,1641
0.461018425839696,0.0522058249770756,1642
0.457639021208198,0.0477427183751112,1643
0.452664385636333,0.0397523512547254,1644
0.448865285967527,0.0303511145581691,1645
0.449574138367312,0.022919485423203,1646
0.44953536507088,0.0262552503367993,1647
0.446261100183989,0.0241186661504911,1648
0.44202550452325,0.0271403734250585,1649
0.442661585572191,0.0273571841190616,1650
0.442409440735189,0.0329788868826851,1651
0.44387169125438,0.0313977656480839,1652
0.447796845924401,0.0282160358307223,1653
0.446453749402158,0.0308245661113117,1654
0.44964870879882,0.0245943887174969,1655
0.447982087226417,0.0222102238112601,1656
0.446595094190543,0.0248339592768301,1657
0.449523364576482,0.0244421053838212,1658
0.450645756765908,0.0356985094866831,1659
0.445597434896354,0.0312415493450412,1660
0.445425795993752,0.025233176669554,1661
0.450899186822836,0.042489916045082,1662
0.446563525341664,0.0283960394264807,1663
0.442425527534434,0.025209945950975,1664
0.441945171700349,0.0250336968797367,1665
0.450118722700372,0.0291146882290791,1666
0.449984321023846,0.0309397036846739,1667
0.442553159678545,0.038506988906136,1668
0.44418368300758,0.0356058507335766,1669
0.448865616225285,0.0402884094692576,1670
0.4461832192617,0.0328012222367525,1671
0.444860998509942,0.0225740042456247,1672
0.442075694948806,0.0221967003639513,1673
0.441498370400629,0.0261636515047931,1674
0.440379642340536,0.0267705739425812,1675
0.441464974576148,0.0289077687790141,1676
0.445116058911523,0.0249102556296535,1677
0.449288769839254,0.0203670363024128,1678
0.446927972449146,0.0164362912466983,1679
0.44949725217668,0.01087842191967,1680
0.446750011813314,0.0218658766024367,1681
0.448023596574607,0.028243202757281,1682
0.449880510520666,0.0271295239137927,1683
0.452529188541097,0.0336368510554453,1684
0.455670930644345,0.0423211125964008,1685
0.454875025958205,0.0598325263794905,1686
0.454712087770748,0.0719284240809376,1687
0.454808267989725,0.0708674487797085,1688
0.462975398064866,0.0690704232473102,1689
0.465746793272625,0.0644594548245458,1690
0.462655050881027,0.0583144604240741,1691
0.463647041291974,0.0618867526037735,1692
0.465123860208641,0.0536871926410391,1693
0.464669288610614,0.0607990226380473,1694
0.460623440265035,0.0476237095139938,1695
0.460867108887976,0.068757886484642,1696
0.465966850140929,0.0798916447341974,1697
0.4629299962763,0.0720481677706855,1698
0.460767857537644,0.068155894174905,1699
0.465790006565237,0.0703160245716687,1700
0.462682084153993,0.0726568375805263,1701
0.461105000664282,0.0752387044828379,1702
0.460783561360412,0.0834030897427449,1703
0.463077672276982,0.0833381426075107,1704
0.462262028721202,0.086143472520751,1705
0.463023434954056,0.09373743837722,1706
0.45461634251981,0.0790391579864495,1707
0.457957300852061,0.0826672709798524,1708
0.468555444375479,0.0770548563178433,1709
0.471131852307616,0.0763387964724961,1710
0.469474316718874,0.0909235808808847,1711
0.473064321941205,0.0979743790512039,1712
0.473352749179511,0.116739017030916,1713
0.479661345584882,0.1251312272777,1714
0.488006371575734,0.13127163848516,1715
0.482675891361754,0.132744488688173,1716
0.488761133085786,0.126428726430175,1717
0.485576865212345,0.129779211400367,1718
0.486076933250219,0.12923469781059,1719
0.482270207558648,0.133545867259554,1720
0.480199393645044,0.139120893652241,1721
0.477475190047623,0.143938374747792,1722
0.480406069622418,0.140796496054782,1723
0.483822721939509,0.140062027060177,1724
0.484862278928682,0.139174520700504,1725
0.485870255995155,0.135840755196491,1726
0.492361089262407,0.135222201870995,1727
0.494686584190937,0.142709065846506,1728
0.497584649490072,0.149553015061554,1729
0.501269645876199,0.14242862259791,1730
0.502855349110364,0.130309503253868,1731
0.499315928611879,0.130366315259739,1732
0.501026093893748,0.123688568555458,1733
0.506230414641895,0.112581710298065,1734
0.50031518141842,0.118365939533756,1735
0.497469687217613,0.130066677535775,1736
0.496778851815238,0.129964758345738,1737
0.499268905233658,0.131440891766373,1738
0.502460207186482,0.12295779630287,1739
0.502979851809401,0.128183854895488,1740
0.509019337609978,0.110449893115139,1741
0.509121940220524,0.11740140633348,1742
0.508081588912621,0.121453855076951,1743
0.50498420545917,0.117938879757552,1744
0.501631866295566,0.138448718201389,1745
0.500373470413773,0.143481549960234,1746
0.498486210378571,0.141863889868394,1747
0.495756132342521,0.146036356527784,1748
0.499636960151518,0.135663872773459,1749
0.503236043477672,0.128229407644853,1750
0.501302879079916,0.132571373335673,1751
0.505407493223723,0.133058528864042,1752
0.50532255133826,0.12825393131039,1753
0.501109730579252,0.137161324279339,1754
0.495353290488869,0.141882038071875,1755
0.487432993832325,0.149017963797182,1756
0.490635114787378,0.151644825634739,1757
0.494284797283184,0.143930155297132,1758
0.489505333732526,0.129007536716359,1759
0.488459253059178,0.14653484897869,1760
0.493947698351914,0.148648767112136,1761
0.494365523805168,0.155575634334416,1762
0.491682184934593,0.151362865556166,1763
0.494547322721904,0.148714585030706,1764
0.494097310417536,0.150459293416985,1765
0.499682456800559,0.143800639298899,1766
0.498802551302669,0.1341379765426,1767
0.495473686604267,0.137094048843601,1768
0.491916362773381,0.145102896151949,1769
0.49108079482638,0.146364618273784,1770
0.49350355110883,0.146607869292863,1771
0.491696975666309,0.143810223351901,1772
0.495597712065306,0.143688541320555,1773
0.496756185061723,0.140657313670469,1774
0.498731665524112,0.144636465840292,1775
0.497144196253346,0.14159371433914,1776
0.498066135014944,0.153541423497094,1777
0.495996239750209,0.159518079953546,1778
0.493622075438972,0.161896433990689,1779
0.493239822103396,0.153131981592237,1780
0.492110853845961,0.155077577421926,1781
0.491167274348684,0.152383386255222,1782
0.489971433183075,0.147453296289487,1783
0.493240951118996,0.147934380594581,1784
0.488277590478907,0.151608408358891,1785
0.489746532104968,0.156871562300743,1786
0.492056305028496,0.149114051487178,1787
0.490974318329418,0.150131098087975,1788
0.493743003303221,0.139689529141428,1789
0.500470816341628,0.138200588185035,1790
0.50397818917853,0.139842102937028,1791
0.498762754634144,0.14969430888743,1792
0.498270596385464,0.150627879734434,1793
0.502095712337523,0.133668691795321,1794
0.502129885108289,0.139298683333214,1795
0.501588351781626,0.142575619756231,1796
0.498629223914531,0.146816409455557,1797
0.508012366800761,0.13137139781602,1798
0.503701296750714,0.131874978810345,1799
0.504231431820167,0.134827986271126,1800
0.497409919661898,0.148472880596234,1801
0.498961321324978,0.146631114781448,1802
0.497809709682932,0.151105418826309,1803
0.497181889905192,0.157166020583249,1804
0.502806215620196,0.143678861408856,1805
0.507447851941748,0.154531196090385,1806
0.507709066028574,0.142537094059589,1807
0.50483355659509,0.139535231914824,1808
0.486927412972533,0.162332790215921,1809
0.487862619770016,0.164042772577237,1810
0.496666445636685,0.149663078653707,1811
0.490739875962598,0.159840849614599,1812
0.492305455266066,0.157984899595118,1813
0.494925785876863,0.158756851609316,1814
0.492864245952209,0.158167988866465,1815
0.496642133438965,0.15496326585144,1816
0.49585717712167,0.154239090282094,1817
0.496834697672466,0.148728528753266,1818
0.49538105527745,0.154449794385713,1819
0.497836234075027,0.147149802410491,1820
0.498479401524093,0.141644845120842,1821
0.503828591439277,0.145987453224753,1822
0.507914669320901,0.138271586725857,1823
0.506265537411117,0.141383223459367,1824
0.503352772076495,0.140017852455374,1825
0.500350771793529,0.143772522512422,1826
0.499373308994981,0.149573663026175,1827
0.498396811084618,0.146504581534263,1828
0.497606142769623,0.142049426214032,1829
0.494053347597443,0.15186982988296,1830
0.497125675325815,0.149510552646766,1831
0.495077622579391,0.153271412275762,1832
0.49462891680373,0.151998330734901,1833
0.498077531526386,0.15327022926795,1834
0.49949072001326,0.15385060931744,1835
0.498579522097441,0.149632350022865,1836
0.497859232450145,0.152044765073768,1837
0.499814999258409,0.146952982742533,1838
0.499659410443153,0.139582804783183,1839
0.499173934132063,0.13902700430398,1840
0.496096624007629,0.147902592609981,1841
0.495735830276677,0.149695063029318,1842
0.496803797357804,0.150374030428274,1843
0.495729484125342,0.144081840194998,1844
0.492916412605116,0.152271198346422,1845
0.491018404297629,0.157491664709021,1846
0.492859447355112,0.162876429945956,1847
0.48645240389718,0.161454791291833,1848
0.492478186633146,0.148978599177742,1849
0.492160294779827,0.14401514365595,1850
0.493948478431471,0.155290186777382,1851
0.4935396866728,0.155352320423633,1852
0.494758574903856,0.159501436891063,1853
0.498921492684213,0.151591832239449,1854
0.498000267717432,0.159492575072816,1855
0.499613002918013,0.154212891424023,1856
0.498484523507273,0.148192529159904,1857
0.498095967741414,0.145774784040074,1858
0.496423028676665,0.149813242083196,1859
0.497513554556645,0.148554213403667,1860
0.497199404832761,0.154882492672878,1861
0.501686606144696,0.160992051063529,1862
0.496726721497066,0.16356117695164,1863
0.497560316451275,0.161319137129401,1864
0.496377519961964,0.162938239641783,1865
0.497341823882613,0.153363768392063,1866
0.498998247617783,0.156243077418979,1867
0.499071501358148,0.161336517190168,1868
0.492282342557542,0.171701315901776,1869
0.497678034432501,0.162121683853844,1870
0.498593652681577,0.164451583304976,1871
0.496869083270634,0.165629672187852,1872
0.4914385870413,0.1685726417417,1873
0.493552541601907,0.162969659245653,1874
0.493901856496475,0.167823037510111,1875
0.492512397353874,0.169544468636827,1876
0.48900669426775,0.171132741203644,1877
0.490324770519913,0.166287624467712,1878
0.492707551511079,0.161724875675018,1879
0.495584309519425,0.160241006375125,1880
0.498063640659015,0.152154736109922,1881
0.496626206596906,0.157208758056438,1882
0.498960304177576,0.157068475150641,1883
0.496455497892605,0.160171167664794,1884
0.494858108265788,0.167067163753952,1885
0.492368989658232,0.167109063573577,1886
0.494263142201865,0.164634742963562,1887
0.492933546049689,0.164112210845911,1888
0.498022468166714,0.163247675189028,1889
0.499826995967329,0.16462577257865,1890
0.500191186820266,0.163056242299685,1891
0.50191196786876,0.158855379370115,1892
0.499023457335474,0.164487930075701,1893
0.498029700943303,0.160952709227631,1894
0.498505134500981,0.169241896511019,1895
0.499776948405947,0.16395390976346,1896
0.503145015845982,0.161996246735662,1897
0.497034973694022,0.167906149659681,1898
0.500809886287623,0.166195148340323,1899
0.498005344688208,0.167315857801478,1900
0.497881938197478,0.167808950794139,1901
0.497957812683043,0.17599559652146,1902
0.498636682035508,0.169951889319233,1903
0.50290116051217,0.170245237035397,1904
0.500268529786772,0.174458268239322,1905
0.50273800632703,0.167985828976778,1906
0.501051052378794,0.167391349814785,1907
0.50157001685771,0.167330033607057,1908
0.499971418980579,0.160062288750867,1909
0.49817057682156,0.162959800270421,1910
0.501914923312099,0.159487787091376,1911
0.499082304073286,0.161251662679477,1912
0.494860425806671,0.164935073046418,1913
0.494408146611629,0.168153747874368,1914
0.4948515354201,0.168493847334603,1915
0.493811933352937,0.171520854773555,1916
0.489410536975972,0.181067094334869,1917
0.495403916836081,0.175122707511025,1918
0.493590968880071,0.179481511753761,1919
0.495229268994097,0.173299508128453,1920
0.49542968980077,0.170913339587441,1921
0.498715073201808,0.159496651852602,1922
0.492219842244189,0.164117537158224,1923
0.494498508116136,0.157670847499722,1924
0.497665571927751,0.1587698126155,1925
0.49497849319682,0.164328288979487,1926
0.496687800479512,0.166553549101486,1927
0.491514702478004,0.179552823336307,1928
0.495457545367723,0.17459971456464,1929
0.493141508315085,0.178717596889121,1930
0.492363718831894,0.178591164754519,1931
0.499608885359796,0.178956152051951,1932
0.505223631818378,0.17974802246866,1933
0.497194417184772,0.185597935324161,1934
0.496381260240365,0.17573024683435,1935
0.49313254487379,0.178325740475847,1936
0.494017905139066,0.171859789367835,1937
0.490995428719541,0.174314987254756,1938
0.49323358014802,0.170286040293976,1939
0.49869066433473,0.169350611624073,1940
0.498309539235772,0.165799970133373,1941
0.496514110716881,0.169447000600369,1942
0.492381933492681,0.170790001966415,1943
0.491268276364226,0.170943563192505,1944
0.493994510840959,0.169789873484393,1945
0.4947848842988,0.17225237136126,1946
0.494712410183876,0.171028163548124,1947
0.48651493534256,0.167989651389259,1948
0.487339510766219,0.158777460956583,1949
0.489881373449275,0.148960512778108,1950
0.492442479120188,0.15420121202198,1951
0.485794566938053,0.165010682730655,1952
0.480988300841941,0.172238409218322,1953
0.487392046866403,0.166038133342585,1954
0.488538383649306,0.165129555716536,1955
0.494484842670667,0.153045395606786,1956
0.492666130807224,0.150933997295904,1957
0.491593740169422,0.150868966849612,1958
0.490289171623462,0.1493106965613,1959
0.489967373816004,0.141480919311836,1960
0.492579815675763,0.139094304107896,1961
0.493784722710001,0.139254592329904,1962
0.495952010938256,0.138717451391624,1963
0.490324545812281,0.14659606757877,1964
0.494179324827264,0.139552129653264,1965
0.491689266070906,0.136462866305383,1966
0.491383320287339,0.139338755757893,1967
0.489896558496591,0.141044221783309,1968
0.491082974971623,0.135313009405595,1969
0.490776065232736,0.134207840519989,1970
0.493841778369339,0.130104159782135,1971
0.492456225718637,0.138222751098683,1972
0.48887953301713,0.142803684704076,1973
0.486716511956813,0.139369129488607,1974
0.488468418507257,0.140722842737729,1975
0.487203704652903,0.152521474759569,1976
0.492675362030491,0.142737268535893,1977
0.489287499005523,0.145497919818571,1978
0.492667628930379,0.136326467234014,1979
0.491702782579135,0.141971333110248,1980
0.498559095128115,0.130466643290412,1981
0.50144229901176,0.122723948507872,1982
0.499676013433889,0.115243255792431,1983
0.496962394201093,0.122358899344883,1984
0.493722352000154,0.124195825272425,1985
0.491266998227584,0.13342480305336,1986
0.485959678565425,0.132645882519931,1987
0.48021807279984,0.136516419652132,1988
0.48164369914671,0.123291819562737,1989
0.483405936332926,0.120927111727452,1990
0.483043813169864,0.117615352203772,1991
0.478265820756616,0.121762516039151,1992
0.481716352420466,0.116480926257026,1993
0.482160366986708,0.107597101806345,1994
0.486520712496615,0.0997070306635371,1995
0.486792260826703,0.104277713048415,1996
0.480979493683726,0.11443132785795,1997
0.483195744040904,0.116111927300938,1998
0.481964079100775,0.130413139053796,1999
0.476450699469772,0.128086098797209,2000
0.473989399844777,0.122076010821943,2001
0.477902149582323,0.114923073409199,2002
0.479210928606671,0.119839581221037,2003
0.482876881290379,0.110973523364857,2004
0.48159485452899,0.115634566985441,2005
0.47844226192826,0.119675726397876,2006
0.478278956418427,0.115216945954244,2007
0.48182991540266,0.108480891816873,2008
0.482390736960082,0.108200290666224,2009
0.481703530984027,0.108821962613367,2010
0.482667284809182,0.109201022598627,2011
0.479664576489741,0.110134021400973,2012
0.480997522025361,0.117526577006681,2013
0.481132263607268,0.107137778866289,2014
0.477343025945158,0.113633443839812,2015
0.480651716240536,0.114376659925661,2016
0.476715840638742,0.12098880758594,2017
0.475235950253328,0.118232689512816,2018
0.481146839225527,0.110022819939257,2019
0.477321300806878,0.117998717559808,2020
0.481841650001613,0.111312630677573,2021
0.484192115518019,0.106364587587824,2022
0.489129815197444,0.10106174950659,2023
0.487133032294518,0.108754570005581,2024
0.482834963822719,0.115323373629532,2025
0.479838849855666,0.123073777325303,2026
0.479960584763035,0.122695370102926,2027
0.478351777105983,0.128095806209785,2028
0.480373823050477,0.121897411069926,2029
0.47847492606783,0.130115979112937,2030
0.481296298897128,0.12626183945147,2031
0.484310710049319,0.120232103051246,2032
0.483153526833645,0.121614811513585,2033
0.482181614183084,0.120654398774226,2034
0.481088213050601,0.119132188087119,2035
0.482357604258225,0.112063788670493,2036
0.494310298992735,0.103289214661924,2037
0.490699190224775,0.10556281203839,2038
0.49363924326169,0.101779857735777,2039
0.500155262944732,0.105014195352416,2040
0.493849722774874,0.100693872995506,2041
0.495058310372482,0.0987744541348167,2042
0.496908491412059,0.102492575847808,2043
0.495165176877406,0.105371609342529,2044
0.491030064884089,0.110784981640624,2045
0.488325762205095,0.111548660409226,2046
0.489548059566447,0.104594045426657,2047
0.489494998731743,0.0997537597574872,2048
0.493088033582483,0.086501170727471,2049
0.49287805011711,0.0906228825906088,2050
0.495212041134471,0.0930903772637308,2051
0.49531933324085,0.088423057227745,2052
0.495839448776873,0.0860091438289602,2053
0.497409670040427,0.0835756132572258,2054
0.496374783614998,0.0741366316510582,2055
0.498796505326544,0.07431858687195,2056
0.495291666846085,0.0780563229406587,2057
0.494628802707192,0.089792840582322,2058
0.493763982697137,0.0884979660905447,2059
0.492492489868648,0.087805300862665,2060
0.489626878990713,0.0959021790730184,2061
0.495099436844477,0.0855835798196812,2062
0.498367438538087,0.080161423728765,2063
0.496259197868495,0.083224394489806,2064
0.49435884160126,0.0847419137991668,2065
0.499525894220858,0.0770653045673569,2066
0.497871167667235,0.0730519269550938,2067
0.497770633352397,0.0736841975899973,2068
0.492824040057459,0.0835913306599165,2069
0.491502896670308,0.0789082275063759,2070
0.496740794060111,0.0715868166187319,2071
0.496674008107368,0.0742494295388698,2072
0.495710567151168,0.0780523135028353,2073
0.495777254284622,0.0801028984233035,2074
0.494622239505494,0.0824527423396239,2075
0.49232966074427,0.0785427522767436,2076
0.49599779591598,0.0739449400648835,2077
0.494274687243301,0.080057442200771,2078
0.497277494636305,0.0761024937127995,2079
0.497011686088689,0.0762993411346933,2080
0.492670668151126,0.0831681053459555,2081
0.491818003192597,0.0849966920934943,2082
0.486987952928755,0.0923511954085814,2083
0.486564514658084,0.0951415017037799,2084
0.489290880402601,0.106744715468673,2085
0.491595477959992,0.103663526890991,2086
0.492717266433126,0.10447471883234,2087
0.491681619363972,0.109396270115548,2088
0.492858074598495,0.103151518440682,2089
0.494128643565792,0.095144358210524,2090
0.493199932025807,0.093011870501014,2091
0.492624643065285,0.09900324672699,2092
0.491180914998058,0.09495189069688,2093
0.496412778395958,0.0963335495996683,2094
0.493754063961993,0.100353831374991,2095
0.493418677476813,0.102407669670839,2096
0.498113313810053,0.0960278210736545,2097
0.491125471379633,0.0963340019226163,2098
0.492879439423312,0.093906564768373,2099
0.49591663751511,0.0822212937735291,2100
0.49880855702035,0.0842027278867207,2101
0.500434172415901,0.0983929382717403,2102
0.499656814519118,0.0883933887951204,2103
0.499438569446412,0.0883073557615354,2104
0.500832278603502,0.0956640976071783,2105
0.49736318595007,0.100635279430242,2106
0.497867320744478,0.0929329514559828,2107
0.496229395997852,0.0965976329983048,2108
0.498263746508877,0.0876424147962015,2109
0.498093475615077,0.0882929269049315,2110
0.497973186394705,0.0852154604306382,2111
0.495308691343201,0.0842924399683229,2112
0.493167516295836,0.088583191666393,2113
0.494775610233183,0.0860025270124954,2114
0.498448239074256,0.0804903311940223,2115
0.498974799688856,0.0798938462304381,2116
0.498299360869286,0.0850675346842507,2117
0.494064273082253,0.0914125084778765,2118
0.490260268008785,0.094882180549329,2119
0.490369407436005,0.094831364752862,2120
0.490479357310764,0.0978881212539364,2121
0.488259899196234,0.100927194099391,2122
0.490668617138989,0.102727068815444,2123
0.490280706505712,0.100081882790694,2124
0.490551179709719,0.0893044391013919,2125
0.486860997575339,0.0872014955390624,2126
0.486677519090383,0.0894859954270703,2127
0.486025502783987,0.0886439444039426,2128
0.48575599022164,0.0836135410884955,2129
0.485677454065882,0.0847448497889529,2130
0.487317544535245,0.0887515785407561,2131
0.486151601228644,0.0853358826674712,2132
0.483488062534995,0.0886709471186441,2133
0.488988313482579,0.0951835358375694,2134
0.487923626657406,0.0832939585468723,2135
0.485798439038007,0.0796812777177808,2136
0.48662043599066,0.0900801250198291,2137
0.494139804966215,0.0847703221929734,2138
0.488369256609231,0.0934991234232684,2139
0.487129517276055,0.0843724829563926,2140
0.486708610425798,0.0779266061445368,2141
0.489987722315296,0.0794699754054922,2142
0.486553559024924,0.0853064959234534,2143
0.486333147898999,0.0853296670628933,2144
0.489625877288556,0.0812790138319553,2145
0.492561619671697,0.082392137196001,2146
0.491191226000326,0.0790920501433597,2147
0.486483569821395,0.0752336363701746,2148
0.485735711513241,0.0756834142559858,2149
0.487118711840837,0.0828274228751675,2150
0.488735692825884,0.0754571863073831,2151
0.488359406351314,0.0795748280948941,2152
0.485033937825287,0.0945041687896867,2153
0.487543703254906,0.0911936647608514,2154
0.486022215789601,0.0813402296677876,2155
0.48610557428772,0.0786708021873636,2156
0.486400261357665,0.0779781740026275,2157
0.483559445436836,0.0822976109076344,2158
0.487420374376923,0.0811806413698246,2159
0.488703243909903,0.0800843208911827,2160
0.48983091268892,0.0773561570585482,2161
0.491815546751083,0.0764290507941541,2162
0.488196287300129,0.0804155429402652,2163
0.490488380181083,0.0845904403523645,2164
0.499951340097084,0.0705712801261226,2165
0.494875696307701,0.0701029446717609,2166
0.491633641096109,0.0783014510467147,2167
0.488209924479566,0.0864607620816935,2168
0.488124791395452,0.0887225311559685,2169
0.487161479409108,0.0910257546337066,2170
0.487256427289318,0.082166810519047,2171
0.493842731883096,0.069510840305684,2172
0.493599410166582,0.0672539031518622,2173
0.489825546296801,0.0792621781406968,2174
0.489322250533397,0.0812799126764329,2175
0.486898433196818,0.084993295473427,2176
0.487889559159912,0.0895480619141817,2177
0.488597765336881,0.0875529799924573,2178
0.491722930649305,0.062377353207305,2179
0.495527275046673,0.0609795135229044,2180
0.492895682164646,0.0641409671619465,2181
0.493507496723925,0.0657390885542447,2182
0.493023796903542,0.0717874883123575,2183
0.49202685954282,0.0695039260657216,2184
0.491561508658391,0.0656750933980793,2185
0.494519125125999,0.068256760331297,2186
0.491065870744657,0.0686061548162528,2187
0.490909896750635,0.06277480592938,2188
0.488952398039759,0.080470123114779,2189
0.487319347901756,0.0761762113755556,2190
0.482018068630253,0.0742653771881939,2191
0.485176198922171,0.0668613499456497,2192
0.48972242967656,0.0576950969958166,2193
0.492075305888898,0.0601793090925634,2194
0.49028660886378,0.059140724818705,2195
0.489318610387178,0.0598883704156663,2196
0.49445685331363,0.0477460580778804,2197
0.492494185619396,0.0489985596592619,2198
0.490001924381377,0.0468758590707195,2199
0.492512115879289,0.0365018545777778,2200
0.495748018037097,0.0309218929191152,2201
0.497059022537567,0.0307097532190683,2202
0.504787168895195,0.0142554085947943,2203
0.498170389365176,0.0110714383387907,2204
0.501022764769515,0.0127954249406012,2205
0.496755862755127,0.0106330535256947,2206
0.502023437348916,-0.00657691309873521,2207
0.499209833251974,0.00475616802910948,2208
0.492048574917518,0.00535901722115212,2209
0.498215970982091,0.00344932067213306,2210
0.490087780137698,0.00405348329263564,2211
0.493797866590307,-0.000317755761083765,2212
0.496495739767222,-0.0049290921766786,2213
0.497024672563259,-0.00596646387380559,2214
0.497879868587841,-0.0139810688003825,2215
0.499225965723301,-0.0112647392859265,2216
0.511246252346225,-0.0476892985283653,2217
0.512242654598313,-0.0579869525009957,2218
0.511042138919734,-0.0668796263277486,2219
0.515465219063359,-0.0667595620522311,2220
0.516203232958778,-0.0695762502193085,2221
0.511674844928769,-0.077213922490859,2222
0.513783039472374,-0.0790478672986111,2223
0.513698965076802,-0.0693331230619937,2224
0.515315972193212,-0.0741346426449375,2225
0.515010931680165,-0.0682804728020984,2226
0.51504110547871,-0.0708232265974193,2227
0.517248052956585,-0.0562557273696239,2228
0.518895724294107,-0.0628514057605849,2229
0.513868280194386,-0.0572152071652324,2230
0.514301217892762,-0.0538133570656862,2231
0.514551783239735,-0.0537229405189225,2232
0.514533998103247,-0.0613829253656221,2233
0.514177438124194,-0.0715127102969631,2234
0.516517803441531,-0.0652289282855224,2235
0.515997738726148,-0.0562012740348078,2236
0.516521302202621,-0.0395616300500393,2237
0.514723939748944,-0.0447583266291841,2238
0.510812984628784,-0.0506954842306437,2239
0.512986480909327,-0.0506797526030794,2240
0.511714295306941,-0.0440498780553506,2241
0.515402688851522,-0.0492335137554778,2242
0.513138731505365,-0.047263827507195,2243
0.514747168640365,-0.0631327509518978,2244
0.513096741386815,-0.0586934763075003,2245
0.514824127167864,-0.0682804948139862,2246
0.514691796538664,-0.0724521327495287,2247
0.518195086999508,-0.0804591689781336,2248
0.515326428756037,-0.0753294568142079,2249
0.514593878408892,-0.0748969251675805,2250
0.512959083236449,-0.074194682703132,2251
0.514577287667026,-0.0596378283453437,2252
0.514979792215214,-0.0631802941995567,2253
0.511578266320125,-0.0588222596488905,2254
0.512847028959681,-0.0610093050053646,2255
0.512930030020905,-0.0667599469010841,2256
0.51565294360668,-0.069590008925992,2257
0.516221830892586,-0.0796101194058154,2258
0.514114347897796,-0.0851416092720878,2259
0.512205537445428,-0.07740504640995,2260
0.518294870796783,-0.0627972326165293,2261
0.514659299924133,-0.0641871695842748,2262
0.517128042335118,-0.0639004496525963,2263
0.514767146458418,-0.0594920481815566,2264
0.513480128658423,-0.064838371519378,2265
0.512669698499303,-0.0651096981586186,2266
0.521733739579788,-0.0872203723642726,2267
0.523018766201631,-0.0882904841864625,2268
0.517530685157969,-0.081936440680395,2269
0.516164822503662,-0.0834351282973365,2270
0.514265333266922,-0.0826279604172828,2271
0.515967413149833,-0.0902206166503933,2272
0.516000726032531,-0.0871516037455407,2273
0.518418854907227,-0.0849922104146841,2274
0.517719928297828,-0.0820320493526336,2275
0.518484336187056,-0.0784190414435922,2276
0.518642007053615,-0.0776759645635269,2277
0.521768961007728,-0.0743731020243654,2278
0.520519459087183,-0.0779693905567223,2279
0.517857396442854,-0.0776741984474779,2280
0.520322087760586,-0.0787468792437337,2281
0.519767355928334,-0.0754408635327885,2282
0.511824281368441,-0.0688132716406524,2283
0.513935145495545,-0.0740494898256207,2284
0.515789853049202,-0.0739527977484607,2285
0.518755520623776,-0.0771498681032044,2286
0.521518349187801,-0.0784621028913189,2287
0.516429516551083,-0.0901167047751842,2288
0.515560082053357,-0.0869890443514158,2289
0.514530732094689,-0.0867564533837578,2290
0.517054061228562,-0.0904810614470434,2291
0.517137572375496,-0.0924131539529324,2292
0.516444965269215,-0.104647363394339,2293
0.511836548584406,-0.095994711797611,2294
0.512300985112733,-0.0909888718760247,2295
0.511692102078606,-0.092435991021235,2296
0.515945076080097,-0.0864763303041145,2297
0.519244050686487,-0.0878241093875455,2298
0.520243837612192,-0.0885903276164034,2299
0.52315326888721,-0.0865219087603851,2300
0.522831162486263,-0.0869237663206721,2301
0.520925579136692,-0.08394977815733,2302
0.511907440311431,-0.0886137178181568,2303
0.513121106505531,-0.0922265117309474,2304
0.511820511633454,-0.0826834900990608,2305
0.51297425432661,-0.079962341258134,2306
0.0959597609438008,-0.261515165809499,2307
0.0622162238261713,-0.259485248764844,2308
0.0961346637481068,-0.264717074444154,2309
0.0577075618165329,-0.26065066235609,2310
0.0685659277973335,-0.271988666026487,2311
0.0311672624784934,-0.2638219014811,2312
0.0443395854675897,-0.266454775401408,2313
0.0193416129581573,-0.246258837307076,2314
0.0196701713164359,-0.245898084308101,2315
0.00946191143016105,-0.23600824611287,2316
0.0117443794243797,-0.240648848044068,2317
-0.00311040664242502,-0.226458672188898,2318
0.0195373746219787,-0.244189346507134,2319
0.0316394677134723,-0.273828835512152,2320
0.0365081196852936,-0.259318961261713,2321
0.0421029201157638,-0.260307768644402,2322
0.0421103811289574,-0.257718505470914,2323
0.0613940121173993,-0.256111607055946,2324
0.0550627524420357,-0.252550005618189,2325
0.0430844031844648,-0.252794463640164,2326
0.0655752425857461,-0.259071525085266,2327
0.0611052027288902,-0.258074232277251,2328
0.0733252646221096,-0.259583494170018,2329
0.0607693719113518,-0.250052415492527,2330
0.03412854753759,-0.238319918042917,2331
0.0610807595353215,-0.256220334506253,2332
0.0414024222592301,-0.248149238066661,2333
0.0537188382012413,-0.253967955300312,2334
0.0575840149578529,-0.261483057460085,2335
0.027718054409902,-0.256684111305709,2336
0.0390878537204809,-0.251883511269815,2337
0.0615271476131022,-0.257534544653318,2338
0.0818476071349867,-0.258318896221438,2339
0.100565672259134,-0.257389036247676,2340
0.0779270258845659,-0.259754524593079,2341
0.057637149861145,-0.244833484537799,2342
0.0513118556813822,-0.243154398830857,2343
0.07179033488482,-0.250360461091594,2344
0.0559718413705847,-0.25239064442826,2345
0.063257161594414,-0.264529591648992,2346
0.0682167649126067,-0.272547150649812,2347
0.0607368077490182,-0.267243436717456,2348
0.0723089767299421,-0.268083769985261,2349
0.084223690631533,-0.273077901474507,2350
0.0905923101560731,-0.279124616945286,2351
0.089353102503658,-0.277288973616492,2352
0.0854385629211245,-0.279727888365525,2353
0.0973869215233091,-0.273204025118771,2354
0.0960817987908512,-0.276566513007596,2355
0.095157110636775,-0.277485657189177,2356
0.0837567832605644,-0.278299668287057,2357
0.154076230185234,-0.283451997555242,2358
0.139134598855958,-0.280022141223401,2359
0.135461782459578,-0.28619354572787,2360
0.0925439887678678,-0.275144723600788,2361
0.0838502459314389,-0.266997575856746,2362
0.0791712509744234,-0.265694087989914,2363
0.0615578564650112,-0.279747789468869,2364
0.0940428924982135,-0.28619964919358,2365
0.043999201415069,-0.275734099302064,2366
0.0813297778721954,-0.2867522306721,2367
0.0667749359632459,-0.272464903790682,2368
0.0377451365073502,-0.259472772626047,2369
0.00532172643887877,-0.249504004287507,2370
0.031536239839257,-0.279736839965422,2371
0.0420874811798721,-0.274373724946739,2372
0.0389237785290103,-0.268992495063397,2373
0.0764116263871846,-0.267369410976202,2374
0.074267572339368,-0.267725085237682,2375
0.0620291161780127,-0.260343916195362,2376
0.0550328919902738,-0.261162832861109,2377
0.0808382821108361,-0.273003931493509,2378
0.089152328407846,-0.264976945807397,2379
0.0773687325626949,-0.269968598998399,2380
0.0808138324252555,-0.267060009492723,2381
0.072434717316206,-0.26950075882719,2382
0.0633649289119583,-0.266795702968371,2383
0.0660010032408983,-0.266546804576418,2384
0.0433778127261817,-0.251548539114792,2385
0.0683766370543565,-0.261457934886872,2386
0.0675854386046603,-0.265619836213529,2387
0.0601424511029992,-0.269669302114693,2388
0.0569603090989697,-0.274729978920729,2389
0.0614223721068978,-0.269454827054815,2390
0.0593737328720427,-0.268338735389961,2391
0.0421813522484325,-0.277814464335738,2392
0.0993788041508096,-0.286896309448515,2393
0.0728886168720701,-0.281927545371668,2394
0.131487984882964,-0.286565107461113,2395
0.0496193999341354,-0.279376498917693,2396
0.059162515213338,-0.277374207282347,2397
0.0542130499383533,-0.277098984775612,2398
0.0693605418842702,-0.283543105323251,2399
0.035818654885502,-0.274878289281166,2400
0.0536740251497509,-0.27703887526028,2401
0.0924880555207258,-0.291742449734901,2402
0.0640292265498611,-0.287735277671501,2403
0.0768158659322405,-0.289514141097037,2404
0.122407947837856,-0.291478342003532,2405
0.0819436611049308,-0.282583441006045,2406
0.0711483209129212,-0.285088305324647,2407
0.0564524311524892,-0.291933056924379,2408
0.0767044644513143,-0.304222349610939,2409
0.055029458435196,-0.307532537946927,2410
0.0723140131013757,-0.300484624805874,2411
0.0620144923726627,-0.294207185462858,2412
0.074978131278492,-0.290282284974488,2413
0.0767742368781156,-0.287513515297395,2414
0.046879982552211,-0.278895172965962,2415
0.0510065776573772,-0.275787890375638,2416
0.0591289577559136,-0.281363053395186,2417
0.0593182880410986,-0.287740308152842,2418
0.0915978115489266,-0.299507878766338,2419
0.0429804301203336,-0.285360777273691,2420
0.0497764452424567,-0.292466979548641,2421
0.0420784283257142,-0.283694178874071,2422
0.056544501193129,-0.290728927223917,2423
0.0811878115553969,-0.295277552494658,2424
0.0770586920795492,-0.29792607939293,2425
0.0899151368071141,-0.300485690877696,2426
0.0731652571148554,-0.297545571068827,2427
0.0508149198723037,-0.292508885419639,2428
0.0581761971707181,-0.288030699136472,2429
0.0828176820226325,-0.303624711258611,2430
0.0561700466365755,-0.296005052562191,2431
0.0491493449837247,-0.285469249293197,2432
0.044210482128878,-0.289873786091372,2433
0.0612433295947356,-0.295011468097184,2434
0.0558496909627464,-0.289140467670947,2435
0.0512106672616291,-0.287908250657356,2436
0.0714073790267025,-0.289801926611728,2437
0.0589198035595116,-0.289115510897218,2438
0.0231413638847043,-0.278707154737387,2439
0.00693495480099912,-0.279738143245565,2440
0.0186255507227507,-0.284944805129117,2441
0.0222981384264161,-0.284470396881793,2442
0.0436825054167752,-0.289578122470806,2443
0.0720909112598239,-0.303342411439341,2444
0.0586100079661104,-0.298311052231461,2445
0.0343220761425505,-0.284355443625149,2446
0.0614030946939156,-0.291878767403198,2447
0.041490210445066,-0.278011837910912,2448
0.00300283735525129,-0.263143634247106,2449
-0.0128757498069171,-0.269656085426235,2450
0.012762708395569,-0.27931802836623,2451
0.0349849476076843,-0.279640226962242,2452
0.0549645076352096,-0.286933791135836,2453
0.0968971441179343,-0.293168787310144,2454
0.0907659596173831,-0.292494154824222,2455
0.0836901614577622,-0.2864574681881,2456
0.0681143924063876,-0.293249360850108,2457
0.0316583774820852,-0.288771496392506,2458
0.0293031292946472,-0.296197830440613,2459
0.0151017872331939,-0.295177841728826,2460
0.0525260218616365,-0.30195404471785,2461
0.0588415697053748,-0.300935564767367,2462
-0.00388901728470466,-0.274631080171357,2463
0.00505270856325311,-0.287523621148487,2464
0.0124301944090605,-0.294930120156525,2465
0.0488289664922215,-0.299217598928221,2466
0.0440548899069533,-0.284066969833514,2467
0.0421558133110473,-0.290722871663867,2468
0.0476773354943352,-0.293296099053243,2469
0.0367613961497552,-0.283411408110997,2470
0.062199377848793,-0.289148839803649,2471
0.0437431854093167,-0.292215167522471,2472
0.0413490054207507,-0.290485444627305,2473
0.0430307569358167,-0.291184152821398,2474
0.0482587336731973,-0.281759900257922,2475
0.0154596350969207,-0.25693078696214,2476
0.0682825842450453,-0.279308273035382,2477
0.0513482151195642,-0.271683094008995,2478
0.0701690608833849,-0.278426747679857,2479
0.0463395283827625,-0.275104328284804,2480
0.0508512822893658,-0.282124707763083,2481
0.0472674353459933,-0.279499303114726,2482
-0.00548572281265075,-0.248850212243107,2483
0.0317600996805172,-0.270850094122571,2484
0.0546574652930786,-0.283802296359825,2485
0.0482731010817782,-0.306831774969359,2486
0.0655034820082979,-0.316387490011848,2487
0.105783307442216,-0.326076494545311,2488
0.0912640022826581,-0.319462140034867,2489
0.0787373767406933,-0.306489497190834,2490
0.0792811340271809,-0.31488526989898,2491
0.0594023476094141,-0.313673758519806,2492
0.088252527221183,-0.319027418525996,2493
0.0198431703968266,-0.299023607141991,2494
0.0641833301555429,-0.312194614776469,2495
0.0256636146223052,-0.308576733028933,2496
0.0341156850701718,-0.308642266646309,2497
0.0613001412466021,-0.314336531816282,2498
0.0548703052060143,-0.32299484063779,2499
0.0572447242084945,-0.318200684563907,2500
0.0200486680020738,-0.307547017905536,2501
0.0351318941816142,-0.319776660223134,2502
0.0249725634412175,-0.318170371080365,2503
-0.00324420444716021,-0.303237651559785,2504
0.0167097539166454,-0.309476294450007,2505
0.0113956960114845,-0.31675196933971,2506
0.015547436788716,-0.325089370209016,2507
0.0205700261858905,-0.321789180869646,2508
0.0184972492860835,-0.318699212834815,2509
-0.0198024654906593,-0.305802315420789,2510
0.000582731276099157,-0.311922017224044,2511
0.0269055079308414,-0.318463588456729,2512
0.0170393079269377,-0.317881391335875,2513
0.00947455864939875,-0.31609584071116,2514
0.0240645387538218,-0.326511671686194,2515
0.0273445729505177,-0.330968048570362,2516
0.0247972245854173,-0.319579301847889,2517
0.00420023942643043,-0.310704282292401,2518
0.00391346303325218,-0.319297944835878,2519
0.00890153274798576,-0.319294803693898,2520
0.0840688422843504,-0.334097275062311,2521
0.0222396494820514,-0.328911157528151,2522
0.0167121713684754,-0.323389159745289,2523
0.0213185084840269,-0.323564560002329,2524
0.00116472641167935,-0.323164824893743,2525
0.0198605307215187,-0.32561350776676,2526
0.0151427130359554,-0.320584004942311,2527
0.00957446590695946,-0.323089185020084,2528
0.0170664866791079,-0.328606058177192,2529
-5.62606160580829e-05,-0.32448299854959,2530
-0.0187281525348635,-0.312407394905887,2531
0.0402421494763448,-0.328030285388354,2532
0.0236621637475174,-0.327928798890933,2533
-0.0455298981627604,-0.289605537243347,2534
-0.0205102559899506,-0.302347829616802,2535
0.0300434515674018,-0.317833838270578,2536
0.00459225320056321,-0.313936621154176,2537
0.0843025726941091,-0.325687004402995,2538
0.0214215188869168,-0.318165285004045,2539
-0.0062517978168134,-0.308141083174727,2540
0.00278847371747438,-0.325868573806509,2541
-0.00304463946486036,-0.32044686626855,2542
-0.000622570664296715,-0.32062539719556,2543
0.0266459966309959,-0.326094485873985,2544
0.0162972619062561,-0.32472002451547,2545
-0.0077889783332873,-0.327058395274114,2546
0.0427764864909218,-0.334177308626718,2547
0.0265258178589207,-0.324174643516861,2548
0.0107080691809111,-0.328584062472078,2549
0.01956780996359,-0.322131634702969,2550
0.014335013770587,-0.314747980465947,2551
-0.00977549909747536,-0.308799756602941,2552
0.00724259250402293,-0.315356669890059,2553
0.0222352955280588,-0.316982395257179,2554
0.092759045278087,-0.337537552571302,2555
0.0372060215121859,-0.331079719128398,2556
0.0205036315533091,-0.320645093131641,2557
0.0206210962431179,-0.324477178825721,2558
0.0276231374655081,-0.321032589244949,2559
0.0652391109462992,-0.330051290288166,2560
0.0356400650887843,-0.323453892440153,2561
0.0176656016832534,-0.318554085896682,2562
0.00738553771333594,-0.318600689842584,2563
0.000191383344655307,-0.313804752578973,2564
-0.00560261670639765,-0.314508031500062,2565
-0.011108619064579,-0.313514232210609,2566
0.0244512841918542,-0.323534979656914,2567
0.0213632074872905,-0.323623070256335,2568
0.0245873395536544,-0.320150463519895,2569
0.00797307024875884,-0.319449946853258,2570
-0.00477990763735338,-0.310545955523355,2571
0.028688531161162,-0.319564422829304,2572
0.0263169973668221,-0.321928871904945,2573
0.0232357946200053,-0.329196875253714,2574
-0.00169523834306555,-0.31918525312765,2575
0.0063000454869484,-0.331270284269497,2576
-0.00118818015718104,-0.32697713588958,2577
-0.0127306062108945,-0.32424440403302,2578
0.033476844006717,-0.330734697230681,2579
0.124351494857448,-0.348629377270267,2580
0.0755182259799694,-0.342970356297906,2581
0.0403875385644117,-0.327388465217382,2582
0.0204458732669133,-0.324651231839167,2583
-0.00343671009523509,-0.311256942948222,2584
0.00300225296791779,-0.311800739511574,2585
-0.0213679153831033,-0.299175781585611,2586
-0.0144154521444393,-0.308250302056375,2587
0.0237005130729556,-0.318003721596312,2588
0.0123647712280067,-0.314748178347758,2589
0.041093153042118,-0.319098720999632,2590
0.0715236350432315,-0.323572951910893,2591
0.0497535022290585,-0.318516744581142,2592
0.016875071921174,-0.309571472414816,2593
0.0242397861953973,-0.319508544440777,2594
0.00827034249828337,-0.309087597821986,2595
0.0126070631373485,-0.31524326936941,2596
0.0163529394166696,-0.311519518240563,2597
0.00816677995544813,-0.307097278131136,2598
0.00831388807307843,-0.303817411813646,2599
0.0302094062642724,-0.315003748374761,2600
0.0332778589105204,-0.322739852991577,2601
0.0239291991732419,-0.303397836060568,2602
0.0756500600347782,-0.316722697860678,2603
0.0784124781812832,-0.318253984307252,2604
0.0441321531322153,-0.314859049283836,2605
0.0305907473736455,-0.313910948794186,2606
0.0644360390748268,-0.329274685157715,2607
0.0744324388183445,-0.334314643079981,2608
0.0422596869194634,-0.321306217787962,2609
0.0203775470348674,-0.309340172144619,2610
0.0291158974638116,-0.314320619739859,2611
0.00284345226296087,-0.316729072557227,2612
0.050424469055408,-0.32603033528918,2613
0.0620818027037412,-0.338440139200575,2614
0.0287720446358652,-0.322129871709242,2615
0.0226880233369225,-0.319314405069278,2616
0.0188139824636376,-0.319451136178369,2617
0.0238240552344528,-0.310095708512824,2618
0.0196385068620482,-0.313787536761481,2619
0.024385853710225,-0.318144989253895,2620
0.00874464021467059,-0.309071042355353,2621
0.0286492601191289,-0.318496483068186,2622
0.0111971538586206,-0.308083400171555,2623
0.0212003023928745,-0.314225257760319,2624
0.0217421521030847,-0.314041290693279,2625
0.00232231592537578,-0.316247802223678,2626
0.0124549603386915,-0.325377109278125,2627
0.0219805008187672,-0.32324519544309,2628
0.0141173203551528,-0.330929995172475,2629
0.00965939958028307,-0.334198290376603,2630
0.00457310280571765,-0.331160217959378,2631
-0.00894893174649534,-0.326507700324161,2632
0.00772029349778176,-0.326050675564967,2633
0.00806176900007551,-0.333871006497742,2634
0.0142182970463027,-0.336966782359315,2635
0.00782070472815186,-0.330584433970471,2636
-0.0661648041736255,-0.28225088138245,2637
-0.0407561783120282,-0.297100684960798,2638
-0.0271180018337062,-0.309446946903502,2639
0.0042953942903292,-0.323936339938476,2640
-0.00915030204256907,-0.316852004177962,2641
-0.020229265518476,-0.304584772847384,2642
-0.0254650882219601,-0.311965798463138,2643
-0.0280488509366544,-0.308170826708167,2644
0.0130246446718902,-0.333978188159502,2645
0.0280863399972561,-0.337515341053695,2646
0.0220960996717133,-0.327242429944489,2647
0.0191907879100326,-0.333839292238023,2648
0.0182384536015644,-0.331153568618614,2649
0.00547693935408497,-0.378179067038042,2650
-0.00877184239607331,-0.378344610563319,2651
-0.0113014556415448,-0.383232502408228,2652
-0.015619864089904,-0.386853242135686,2653
-0.0517866617262448,-0.37946216634793,2654
-0.0594893164195251,-0.373135098948042,2655
-0.0707667417458135,-0.359619465525924,2656
-0.0720468225394755,-0.362819466025153,2657
-0.0760575829696035,-0.363555400010971,2658
-0.0520093280966266,-0.369128068380163,2659
-0.0668210138518122,-0.362914348585372,2660
-0.0591983042939214,-0.368901873170323,2661
-0.0411676584706702,-0.371444042062043,2662
-0.0306116893280444,-0.382033827644843,2663
-0.0491458933481893,-0.370409615400961,2664
-0.0302625219163177,-0.38131133109253,2665
-0.0471296304425858,-0.38538605773466,2666
-0.0391944950961451,-0.382665419655227,2667
-0.0331134481428018,-0.384311326907092,2668
-0.0912184359130199,-0.353820942386843,2669
-0.0634924390037661,-0.370951150632522,2670
-0.037302602677589,-0.379602920839489,2671
-0.0321505813011859,-0.381860246752122,2672
-0.00526599307285856,-0.390761779093814,2673
-0.0335044489945814,-0.37949099463521,2674
-0.026766552048959,-0.396557551593936,2675
-0.0253877506726571,-0.392176764320948,2676
-0.0170153179784153,-0.388922755097323,2677
-0.011165001814519,-0.384153276499957,2678
-0.00589273038623855,-0.380814819998042,2679
-0.0302004925612827,-0.360443422777129,2680
-0.0132936300637188,-0.363577772109375,2681
-0.0117094569955726,-0.356777959481879,2682
-0.000117658837776352,-0.361480747800238,2683
-0.000726646457690995,-0.355838994040378,2684
0.191653203131098,-0.373468349233075,2685
0.141282604473613,-0.376947945227254,2686
0.037543265319915,-0.372388087016924,2687
0.0100424425149639,-0.357462531177733,2688
-0.0061716546741854,-0.357995331705683,2689
-0.010382739362244,-0.35331913403418,2690
-0.00784343335117951,-0.350059273051267,2691
0.0372463650247349,-0.363644166751269,2692
0.0206743725903546,-0.366391378114359,2693
-0.0120019474879051,-0.352657755732203,2694
-0.030132093710556,-0.337490654766869,2695
-0.0127158902482142,-0.345762375345737,2696
0.0228258091702664,-0.362668103132077,2697
0.0394674126631583,-0.370221371111131,2698
0.02055515974741,-0.37109484949989,2699
-0.0150819814391523,-0.356699408940821,2700
-0.0114775571972624,-0.348307680071562,2701
-0.0415772375066735,-0.337253209358382,2702
-0.0466578066324828,-0.338016941403969,2703
-0.0360889390035235,-0.341441138662598,2704
-0.00340186774936352,-0.356531691063027,2705
0.018916624409346,-0.361796492828947,2706
0.00058143930138966,-0.359181776548473,2707
-0.0136333972678213,-0.349604694882025,2708
-0.0199837825605483,-0.342580925052523,2709
-0.0182884275994442,-0.353718300606,2710
0.0244796785817901,-0.362420501859694,2711
0.0166704525707331,-0.357901718003944,2712
0.00211802087868802,-0.353623875991154,2713
0.00633528409466729,-0.366947088059914,2714
0.0159629441610698,-0.370082722427192,2715
0.0213722176579619,-0.37833926200571,2716
0.0226634343294084,-0.368608142622802,2717
-0.0142545569910492,-0.346694562578122,2718
-0.0353111250979923,-0.351538652841614,2719
-0.0236854499892893,-0.349874049903433,2720
-0.00981012325782389,-0.352023427574931,2721
-0.0208948254185661,-0.346676037255704,2722
-0.0168246451698605,-0.353002859169092,2723
-0.00624733716764025,-0.354238802490433,2724
-0.0320522312108129,-0.333435663455529,2725
-0.0204941203660743,-0.350550429418182,2726
-0.0115632839576829,-0.35292141976561,2727
0.0127721175294923,-0.35944747674596,2728
0.0694456948192578,-0.375289701085235,2729
0.0112687741933095,-0.36228037126105,2730
0.0014674586748008,-0.365851027218309,2731
-0.0206390605699133,-0.362460172655471,2732
-0.00720925289207474,-0.364503161423035,2733
-0.0389447600256412,-0.3567104234129,2734
-0.0295037821081614,-0.354131082009565,2735
-0.0329114518474501,-0.359507139666633,2736
-0.026956642404985,-0.362110922377545,2737
0.00160935520027383,-0.372547390638851,2738
-0.0312338882730361,-0.354739993718175,2739
-0.119954840482418,-0.305576975052383,2740
-0.0984313078905419,-0.352117728463809,2741
-0.0414534691525428,-0.386035184074136,2742
-0.0668108655781615,-0.374807138212659,2743
-0.113405900242938,-0.351431117165214,2744
-0.0949001280753562,-0.367899066702405,2745
-0.0454858571938103,-0.389349188123969,2746
-0.0395934380730171,-0.388861984746974,2747
-0.0590964034268594,-0.393472953858465,2748
-0.0864306201515886,-0.372260855942525,2749
-0.106452808047034,-0.354454667363287,2750
-0.0641958029061061,-0.380900318001811,2751
-0.0596266182114548,-0.387778952151682,2752
-0.0531890895263407,-0.378396600755714,2753
-0.0798267767000428,-0.373248952999442,2754
-0.0969083441368929,-0.365300585388476,2755
-0.086669540546987,-0.382310320499748,2756
-0.0995846070465565,-0.373126387911546,2757
-0.095913212391604,-0.376185717249077,2758
-0.126866929207259,-0.362235486501781,2759
-0.110027577816387,-0.370382013822393,2760
-0.11787353778801,-0.366246563880659,2761
-0.12269123055307,-0.364086237951489,2762
-0.135793601064297,-0.352082165936145,2763
-0.142405742828605,-0.361070566967044,2764
-0.117897165229337,-0.373805035254246,2765
-0.119930451375498,-0.363478246315369,2766
-0.145978976199442,-0.345967916667606,2767
-0.163967350650562,-0.340009085726527,2768
-0.184875859232894,-0.33163842200469,2769
-0.178409849924604,-0.331760671819318,2770
-0.13326304301023,-0.36876636104447,2771
-0.142476680865276,-0.365884328114118,2772
-0.141637174486809,-0.369106410800116,2773
-0.15523205708467,-0.34147530461424,2774
-0.144755989566444,-0.351798524155098,2775
-0.158756783948418,-0.340310965891178,2776
-0.140337131555567,-0.338220231208141,2777
-0.129106189769476,-0.31020661910678,2778
-0.131548902548377,-0.311842393861168,2779
-0.147664724580778,-0.300445927633393,2780
-0.111119809742272,-0.324953350548654,2781
-0.122288992104621,-0.307327535612652,2782
-0.147135840926673,-0.286863743200988,2783
-0.121232807787688,-0.311246541709298,2784
-0.102381521526318,-0.325948578545744,2785
-0.0948563039518965,-0.330179765207428,2786
-0.105636614041453,-0.323852819569805,2787
-0.110240386188698,-0.321262543303878,2788
-0.117454922023008,-0.308730710531412,2789
-0.112520452489557,-0.306439585501792,2790
-0.105968022593614,-0.31627602710804,2791
-0.107976422261983,-0.316808467665819,2792
-0.120409883354295,-0.303476233625471,2793
-0.0874531680322061,-0.327527512264904,2794
-0.0875321534449816,-0.324193533793442,2795
-0.110021523539222,-0.303193047263599,2796
-0.101049593516335,-0.310741090427191,2797
-0.0812285163797392,-0.327495413356885,2798
-0.109684801210723,-0.302508936677227,2799
-0.124769900375188,-0.288912784623305,2800
-0.114140552890799,-0.302792160447999,2801
-0.111552967134904,-0.301902969408325,2802
-0.112686124325616,-0.306802694225905,2803
-0.0926742145887757,-0.331646555848111,2804
-0.0833719560734258,-0.329367988234829,2805
-0.0638677428739703,-0.340105706709564,2806
-0.108805688673544,-0.302576479502898,2807
-0.0951841699480134,-0.316844667649735,2808
-0.092390391096926,-0.320679330117267,2809
-0.136439025304695,-0.280626950721692,2810
-0.0968839184970766,-0.319002094403237,2811
-0.0940636941306633,-0.31536986514738,2812
-0.093693521775731,-0.313206934275882,2813
-0.0946075520503439,-0.305137944782008,2814
-0.130322771010829,-0.27248753275108,2815
-0.108629886653005,-0.29633974208874,2816
-0.0886402577523874,-0.317718938960369,2817
-0.104358860568455,-0.314326637656149,2818
-0.0567254392955203,-0.342477567458081,2819
-0.0645145411888153,-0.337626857769572,2820
-0.0683926351356594,-0.33238865522435,2821
-0.0882953753128789,-0.322896291542756,2822
-0.108001413766665,-0.308026594381127,2823
-0.0860856572673441,-0.316483102328035,2824
-0.0962433688008357,-0.30803931188988,2825
-0.105184310027136,-0.282002830750707,2826
-0.106155961204794,-0.264762110579755,2827
-0.07909430127874,-0.281987129795384,2828
-0.0625048655503123,-0.285839780888858,2829
-0.058661859441053,-0.283718489292026,2830
-0.0904844835699734,-0.258266899690723,2831
-0.0925634923567416,-0.254849696560815,2832
-0.0523013210742669,-0.324484832771613,2833
-0.121610414031188,-0.272687946342628,2834
-0.102973925863321,-0.296568149300085,2835
-0.0957833155815477,-0.288691021902929,2836
-0.0912032593798539,-0.28992263399117,2837
-0.0911183908272332,-0.274864288401323,2838
-0.0963702559841663,-0.273928543304039,2839
-0.07538687562673,-0.300174132590587,2840
-0.0619251192460046,-0.311521998353599,2841
-0.100123676625251,-0.281433231001412,2842
-0.0965810896232095,-0.287697972705507,2843
-0.0928993964656984,-0.283887016730625,2844
-0.0960938560422099,-0.283772052854405,2845
-0.0935778234583845,-0.284197716388192,2846
-0.0827340096124433,-0.296741121333805,2847
-0.0685703455962903,-0.309232008435123,2848
-0.0921868518909356,-0.281632611436522,2849
-0.0718922173054888,-0.309775345348009,2850
-0.0989915217882786,-0.304116962065504,2851
-0.0911344061130962,-0.30023192781982,2852
-0.110552870778376,-0.277725297085227,2853
-0.0592738390778023,-0.304751354313711,2854
-0.0701462064513173,-0.30658983260708,2855
-0.0634884728535318,-0.305974131947778,2856
-0.0966996170892961,-0.278110992146824,2857
-0.047884117655689,-0.300947013298944,2858
-0.0363360014793198,-0.308642595803581,2859
-0.0585053379003602,-0.292406074482303,2860
-0.0605640602524897,-0.289749237391527,2861
-0.095797857916487,-0.263595329940813,2862
-0.0803712536608388,-0.270771349546782,2863
-0.10098357656901,-0.246991329506891,2864
-0.113940775733565,-0.241131371043424,2865
-0.0635686783529291,-0.291059377194951,2866
-0.0731893569452349,-0.286660140669518,2867
-0.0830303032121077,-0.273852533180776,2868
-0.093201852005009,-0.271191261152632,2869
-0.098123798510996,-0.280158750939614,2870
-0.0703073108641049,-0.289707872342304,2871
-0.0690226109256152,-0.28354801996047,2872
-0.0468577098736348,-0.297704552471873,2873
-0.0611745280260295,-0.289592480131847,2874
-0.0725097172159056,-0.299068466888956,2875
-0.0992172244845709,-0.272689631332364,2876
-0.0710585920016052,-0.295072223199076,2877
-0.100180755040037,-0.265318666974775,2878
-0.0761255249632979,-0.287892451814158,2879
-0.0627446174383564,-0.28882692825693,2880
-0.0436216098127474,-0.303416129787934,2881
-0.0583102360196401,-0.301788367673032,2882
-0.046828942980141,-0.311898491513938,2883
-0.0611226688843362,-0.297290086080306,2884
-0.0745070830505488,-0.293512940173108,2885
-0.0473131950051153,-0.313324269548656,2886
-0.0516326660538823,-0.3069918007146,2887
-0.059500238749426,-0.309609681877257,2888
-0.0863312339901693,-0.287074197249031,2889
-0.0934502854496504,-0.278529562079785,2890
-0.0635842061840243,-0.297726558556698,2891
-0.0807670740614827,-0.279287352774616,2892
-0.101119048207085,-0.257925618529102,2893
-0.0931129653200399,-0.27102576741517,2894
-0.0819239623019684,-0.282482602467029,2895
-0.0724110834794947,-0.282521539290112,2896
-0.0848845667134669,-0.270813309239526,2897
-0.0817091180174427,-0.279648452369635,2898
-0.0984903501145204,-0.262793998041075,2899
-0.0710010451637477,-0.274259242504945,2900
